plot;Std_procedure(year);Std_procedure(exploratory);G_std;M_std;F_std;LUI
AEG01;separately(2009);global(ALB, HAI, SCH);0;2,07;1,11;1,78
AEG02;separately(2009);global(ALB, HAI, SCH);0;3,1;8,24;3,37
AEG03;separately(2009);global(ALB, HAI, SCH);0;2,07;1,79;1,96
AEG04;separately(2009);global(ALB, HAI, SCH);0,42;1,03;0,97;1,56
AEG05;separately(2009);global(ALB, HAI, SCH);0,47;1,03;1,24;1,66
AEG06;separately(2009);global(ALB, HAI, SCH);1,37;1,03;1,24;1,91
AEG07;separately(2009);global(ALB, HAI, SCH);0,34;0;0;0,58
AEG08;separately(2009);global(ALB, HAI, SCH);1,09;1,03;0;1,46
AEG09;separately(2009);global(ALB, HAI, SCH);0,26;0;0;0,51
AEG10;separately(2009);global(ALB, HAI, SCH);0;1,03;0;1,02
AEG11;separately(2009);global(ALB, HAI, SCH);0;3,1;0,91;2
AEG12;separately(2009);global(ALB, HAI, SCH);0;2,07;2,65;2,17
AEG13;separately(2009);global(ALB, HAI, SCH);0;2,07;2,65;2,17
AEG14;separately(2009);global(ALB, HAI, SCH);0;2,07;2,66;2,17
AEG15;separately(2009);global(ALB, HAI, SCH);0;3,1;3,57;2,58
AEG16;separately(2009);global(ALB, HAI, SCH);0,78;1,03;0,65;1,57
AEG17;separately(2009);global(ALB, HAI, SCH);0;2,07;2,23;2,07
AEG18;separately(2009);global(ALB, HAI, SCH);0;2,07;2,66;2,17
AEG19;separately(2009);global(ALB, HAI, SCH);3,59;0;1,24;2,2
AEG20;separately(2009);global(ALB, HAI, SCH);1,41;0;0;1,19
AEG21;separately(2009);global(ALB, HAI, SCH);6,57;0;7,85;3,8
AEG22;separately(2009);global(ALB, HAI, SCH);0,3;1,03;0;1,16
AEG23;separately(2009);global(ALB, HAI, SCH);0;1,03;0;1,02
AEG24;separately(2009);global(ALB, HAI, SCH);1,47;2,07;2,25;2,41
AEG25;separately(2009);global(ALB, HAI, SCH);0,74;0;0;0,86
AEG26;separately(2009);global(ALB, HAI, SCH);2,2;0;0;1,48
AEG27;separately(2009);global(ALB, HAI, SCH);0,92;0;0;0,96
AEG28;separately(2009);global(ALB, HAI, SCH);0,44;0;0;0,66
AEG29;separately(2009);global(ALB, HAI, SCH);0,56;1,03;0,91;1,58
AEG30;separately(2009);global(ALB, HAI, SCH);1,83;1,03;0;1,69
AEG31;separately(2009);global(ALB, HAI, SCH);0,73;1,03;0;1,33
AEG32;separately(2009);global(ALB, HAI, SCH);0,3;0;0;0,55
AEG33;separately(2009);global(ALB, HAI, SCH);0,81;0;0;0,9
AEG34;separately(2009);global(ALB, HAI, SCH);0,95;0;0;0,97
AEG35;separately(2009);global(ALB, HAI, SCH);0;2,07;0,97;1,74
AEG36;separately(2009);global(ALB, HAI, SCH);0;2,07;0,91;1,73
AEG37;separately(2009);global(ALB, HAI, SCH);0;2,07;2,65;2,17
AEG38;separately(2009);global(ALB, HAI, SCH);0;2,07;0;1,44
AEG39;separately(2009);global(ALB, HAI, SCH);0;2,07;2,65;2,17
AEG40;separately(2009);global(ALB, HAI, SCH);2,34;1,03;1,05;2,1
AEG41;separately(2009);global(ALB, HAI, SCH);0;2,07;2,92;2,23
AEG42;separately(2009);global(ALB, HAI, SCH);1,67;0;1,79;1,86
AEG43;separately(2009);global(ALB, HAI, SCH);1,58;1,03;1,52;2,03
AEG44;separately(2009);global(ALB, HAI, SCH);4,11;0;0;2,03
AEG45;separately(2009);global(ALB, HAI, SCH);0;2,07;0;1,44
AEG46;separately(2009);global(ALB, HAI, SCH);3,37;0;0;1,84
AEG47;separately(2009);global(ALB, HAI, SCH);0,4;0;0;0,63
AEG48;separately(2009);global(ALB, HAI, SCH);0,42;0;0;0,65
AEG49;separately(2009);global(ALB, HAI, SCH);1,13;0;0;1,06
AEG50;separately(2009);global(ALB, HAI, SCH);0;2,07;2,74;2,19
HEG01;separately(2009);global(ALB, HAI, SCH);0;3,1;6,59;3,11
HEG02;separately(2009);global(ALB, HAI, SCH);0,22;3,1;4,48;2,79
HEG03;separately(2009);global(ALB, HAI, SCH);0,22;3,1;4,48;2,79
HEG04;separately(2009);global(ALB, HAI, SCH);0,92;1,03;2,99;2,22
HEG05;separately(2009);global(ALB, HAI, SCH);0,89;2,07;3,32;2,51
HEG06;separately(2009);global(ALB, HAI, SCH);0,44;1,03;3,04;2,12
HEG07;separately(2009);global(ALB, HAI, SCH);2,17;0;0;1,47
HEG08;separately(2009);global(ALB, HAI, SCH);1,37;0;0;1,17
HEG09;separately(2009);global(ALB, HAI, SCH);0,59;0;0;0,77
HEG10;separately(2009);global(ALB, HAI, SCH);0;1,03;0;1,02
HEG11;separately(2009);global(ALB, HAI, SCH);0;1,03;0;1,02
HEG12;separately(2009);global(ALB, HAI, SCH);10,31;0;1,77;3,47
HEG13;separately(2009);global(ALB, HAI, SCH);0,66;2,07;0;1,65
HEG14;separately(2009);global(ALB, HAI, SCH);0,14;1,03;1,66;1,68
HEG15;separately(2009);global(ALB, HAI, SCH);0,43;1,03;1,49;1,72
HEG16;separately(2009);global(ALB, HAI, SCH);1,65;0;0;1,28
HEG17;separately(2009);global(ALB, HAI, SCH);0,51;0;0;0,72
HEG18;separately(2009);global(ALB, HAI, SCH);0,52;0;0;0,72
HEG19;separately(2009);global(ALB, HAI, SCH);0,51;0;0;0,72
HEG20;separately(2009);global(ALB, HAI, SCH);0,55;0;0;0,74
HEG21;separately(2009);global(ALB, HAI, SCH);0,68;0;0;0,82
HEG22;separately(2009);global(ALB, HAI, SCH);0,33;1,03;0;1,17
HEG23;separately(2009);global(ALB, HAI, SCH);0,5;1,03;0;1,24
HEG24;separately(2009);global(ALB, HAI, SCH);0,46;1,03;0;1,22
HEG25;separately(2009);global(ALB, HAI, SCH);0,47;1,03;0;1,23
HEG26;separately(2009);global(ALB, HAI, SCH);0;1,03;0;1,02
HEG27;separately(2009);global(ALB, HAI, SCH);0;1,03;1,72;1,66
HEG28;separately(2009);global(ALB, HAI, SCH);0;2,07;2,99;2,25
HEG29;separately(2009);global(ALB, HAI, SCH);0;2,07;2,99;2,25
HEG30;separately(2009);global(ALB, HAI, SCH);0;3,1;3,04;2,48
HEG31;separately(2009);global(ALB, HAI, SCH);0,27;1,03;1,24;1,6
HEG32;separately(2009);global(ALB, HAI, SCH);1,53;1,03;1,72;2,07
HEG33;separately(2009);global(ALB, HAI, SCH);0,94;1,03;2,99;2,23
HEG34;separately(2009);global(ALB, HAI, SCH);0,44;1,03;3,04;2,12
HEG35;separately(2009);global(ALB, HAI, SCH);0,33;1,03;3,04;2,1
HEG36;separately(2009);global(ALB, HAI, SCH);0,3;2,07;1,66;2,01
HEG37;separately(2009);global(ALB, HAI, SCH);0,38;2,07;1,94;2,09
HEG38;separately(2009);global(ALB, HAI, SCH);4,12;1,03;0;2,27
HEG39;separately(2009);global(ALB, HAI, SCH);0,22;0;0;0,46
HEG40;separately(2009);global(ALB, HAI, SCH);4,98;0;0;2,23
HEG41;separately(2009);global(ALB, HAI, SCH);0,55;0;0;0,74
HEG42;separately(2009);global(ALB, HAI, SCH);0,51;0;0;0,72
HEG43;separately(2009);global(ALB, HAI, SCH);0,66;0;0;0,81
HEG44;separately(2009);global(ALB, HAI, SCH);0,41;0;0;0,64
HEG45;separately(2009);global(ALB, HAI, SCH);0,8;0;0;0,9
HEG46;separately(2009);global(ALB, HAI, SCH);0,72;0;0;0,85
HEG47;separately(2009);global(ALB, HAI, SCH);1,21;1,03;0;1,5
HEG48;separately(2009);global(ALB, HAI, SCH);0;1,03;0;1,02
HEG49;separately(2009);global(ALB, HAI, SCH);0;1,03;0;1,02
HEG50;separately(2009);global(ALB, HAI, SCH);0,61;1,03;0;1,28
SEG01;separately(2009);global(ALB, HAI, SCH);0;2,07;3,18;2,29
SEG02;separately(2009);global(ALB, HAI, SCH);0,19;2,07;3,18;2,33
SEG03;separately(2009);global(ALB, HAI, SCH);0,83;1,03;3,18;2,25
SEG04;separately(2009);global(ALB, HAI, SCH);0;1,03;0;1,02
SEG05;separately(2009);global(ALB, HAI, SCH);0;1,03;0;1,02
SEG06;separately(2009);global(ALB, HAI, SCH);2,42;0;0;1,56
SEG07;separately(2009);global(ALB, HAI, SCH);2,69;0;0;1,64
SEG08;separately(2009);global(ALB, HAI, SCH);0;2,07;0;1,44
SEG09;separately(2009);global(ALB, HAI, SCH);4,02;0;0;2
SEG10;separately(2009);global(ALB, HAI, SCH);0,83;1,03;3,18;2,25
SEG11;separately(2009);global(ALB, HAI, SCH);0,83;1,03;3,18;2,25
SEG12;separately(2009);global(ALB, HAI, SCH);0;2,07;3,18;2,29
SEG13;separately(2009);global(ALB, HAI, SCH);0;2,07;0;1,44
SEG14;separately(2009);global(ALB, HAI, SCH);0,8;1,03;0;1,35
SEG15;separately(2009);global(ALB, HAI, SCH);0;1,03;0;1,02
SEG16;separately(2009);global(ALB, HAI, SCH);0;1,03;0;1,02
SEG17;separately(2009);global(ALB, HAI, SCH);1,24;0;0;1,11
SEG18;separately(2009);global(ALB, HAI, SCH);0;2,07;0;1,44
SEG19;separately(2009);global(ALB, HAI, SCH);1,56;0;0;1,25
SEG20;separately(2009);global(ALB, HAI, SCH);0,43;1,03;0;1,21
SEG21;separately(2009);global(ALB, HAI, SCH);1,94;0;0;1,39
SEG22;separately(2009);global(ALB, HAI, SCH);2,24;0;0;1,5
SEG23;separately(2009);global(ALB, HAI, SCH);0;3,1;0,45;1,88
SEG24;separately(2009);global(ALB, HAI, SCH);0;1,03;0;1,02
SEG25;separately(2009);global(ALB, HAI, SCH);0;2,07;0;1,44
SEG26;separately(2009);global(ALB, HAI, SCH);0;3,1;0,45;1,88
SEG27;separately(2009);global(ALB, HAI, SCH);0;1,03;0;1,02
SEG28;separately(2009);global(ALB, HAI, SCH);0;1,03;0;1,02
SEG29;separately(2009);global(ALB, HAI, SCH);0;1,03;0;1,02
SEG30;separately(2009);global(ALB, HAI, SCH);0;2,07;0;1,44
SEG31;separately(2009);global(ALB, HAI, SCH);0;2,07;0;1,44
SEG32;separately(2009);global(ALB, HAI, SCH);0;2,07;0;1,44
SEG33;separately(2009);global(ALB, HAI, SCH);2,3;1,03;0;1,83
SEG34;separately(2009);global(ALB, HAI, SCH);1,12;1,03;0;1,47
SEG35;separately(2009);global(ALB, HAI, SCH);0,97;1,03;0;1,42
SEG36;separately(2009);global(ALB, HAI, SCH);3,51;0;0;1,87
SEG37;separately(2009);global(ALB, HAI, SCH);2,46;0;0;1,57
SEG38;separately(2009);global(ALB, HAI, SCH);1,26;1,03;0;1,51
SEG39;separately(2009);global(ALB, HAI, SCH);0,42;1,03;0;1,21
SEG40;separately(2009);global(ALB, HAI, SCH);6,02;0;0;2,45
SEG41;separately(2009);global(ALB, HAI, SCH);0;1,03;0;1,02
SEG42;separately(2009);global(ALB, HAI, SCH);6,01;0;0;2,45
SEG43;separately(2009);global(ALB, HAI, SCH);2,82;0;11,78;3,82
SEG44;separately(2009);global(ALB, HAI, SCH);2,63;0;0;1,62
SEG45;separately(2009);global(ALB, HAI, SCH);1,67;0;0;1,29
SEG46;separately(2009);global(ALB, HAI, SCH);2,6;0;0;1,61
SEG47;separately(2009);global(ALB, HAI, SCH);1,51;0;0;1,23
SEG48;separately(2009);global(ALB, HAI, SCH);4,39;0;0;2,1
SEG49;separately(2009);global(ALB, HAI, SCH);3,18;0;0;1,78
SEG50;separately(2009);global(ALB, HAI, SCH);1,04;0;0;1,02
AEG01;separately(2010);global(ALB, HAI, SCH);0;1,95;2,61;2,14
AEG02;separately(2010);global(ALB, HAI, SCH);0;2,92;6,74;3,11
AEG03;separately(2010);global(ALB, HAI, SCH);0;1,95;1,82;1,94
AEG04;separately(2010);global(ALB, HAI, SCH);0,36;0,97;0,99;1,52
AEG05;separately(2010);global(ALB, HAI, SCH);0,28;0,97;0,99;1,5
AEG06;separately(2010);global(ALB, HAI, SCH);0,96;0,97;0,99;1,71
AEG07;separately(2010);global(ALB, HAI, SCH);0,32;0;0;0,57
AEG08;separately(2010);global(ALB, HAI, SCH);0,89;0,97;0;1,37
AEG09;separately(2010);global(ALB, HAI, SCH);0,64;0;0;0,8
AEG10;separately(2010);global(ALB, HAI, SCH);0;0,97;0;0,99
AEG11;separately(2010);global(ALB, HAI, SCH);0;2,92;2,87;2,41
AEG12;separately(2010);global(ALB, HAI, SCH);0;1,95;5,65;2,76
AEG13;separately(2010);global(ALB, HAI, SCH);0;1,95;5,65;2,76
AEG14;separately(2010);global(ALB, HAI, SCH);0;1,95;2,53;2,12
AEG15;separately(2010);global(ALB, HAI, SCH);0;2,92;3,82;2,6
AEG16;separately(2010);global(ALB, HAI, SCH);0,63;1,95;0;1,61
AEG17;separately(2010);global(ALB, HAI, SCH);0;1,95;2,28;2,06
AEG18;separately(2010);global(ALB, HAI, SCH);0;1,95;2,38;2,08
AEG19;separately(2010);global(ALB, HAI, SCH);0,49;0,97;0,99;1,57
AEG20;separately(2010);global(ALB, HAI, SCH);2,63;0;0;1,62
AEG21;separately(2010);global(ALB, HAI, SCH);9,22;0,97;0,22;3,23
AEG22;separately(2010);global(ALB, HAI, SCH);0,26;0,97;3;2,06
AEG23;separately(2010);global(ALB, HAI, SCH);0;0,97;0;0,99
AEG24;separately(2010);global(ALB, HAI, SCH);1,23;1,95;1,33;2,12
AEG25;separately(2010);global(ALB, HAI, SCH);0,47;0;1,33;1,34
AEG26;separately(2010);global(ALB, HAI, SCH);2,63;0;0;1,62
AEG27;separately(2010);global(ALB, HAI, SCH);1,15;0;0;1,07
AEG28;separately(2010);global(ALB, HAI, SCH);0,55;0;0;0,74
AEG29;separately(2010);global(ALB, HAI, SCH);0,5;0,97;0,56;1,42
AEG30;separately(2010);global(ALB, HAI, SCH);1,91;0,97;2,67;2,36
AEG31;separately(2010);global(ALB, HAI, SCH);2,39;0,97;0;1,83
AEG32;separately(2010);global(ALB, HAI, SCH);0,45;0;0;0,67
AEG33;separately(2010);global(ALB, HAI, SCH);1,4;0;0;1,18
AEG34;separately(2010);global(ALB, HAI, SCH);0,84;0;0;0,91
AEG35;separately(2010);global(ALB, HAI, SCH);0;1,95;1,27;1,79
AEG36;separately(2010);global(ALB, HAI, SCH);0;1,95;2,87;2,19
AEG37;separately(2010);global(ALB, HAI, SCH);0;1,95;0,99;1,71
AEG38;separately(2010);global(ALB, HAI, SCH);0;1,95;0;1,4
AEG39;separately(2010);global(ALB, HAI, SCH);0;1,95;0,99;1,71
AEG40;separately(2010);global(ALB, HAI, SCH);0;2,92;1,33;2,06
AEG41;separately(2010);global(ALB, HAI, SCH);0,2;1,95;3,32;2,34
AEG42;separately(2010);global(ALB, HAI, SCH);0,64;1,95;1,82;2,1
AEG43;separately(2010);global(ALB, HAI, SCH);1,13;0;1,37;1,58
AEG44;separately(2010);global(ALB, HAI, SCH);3,8;0;0;1,95
AEG45;separately(2010);global(ALB, HAI, SCH);0;1,95;0;1,4
AEG46;separately(2010);global(ALB, HAI, SCH);2,2;0;0;1,48
AEG47;separately(2010);global(ALB, HAI, SCH);0,52;0;0;0,72
AEG48;separately(2010);global(ALB, HAI, SCH);0,44;0;0;0,67
AEG49;separately(2010);global(ALB, HAI, SCH);0,88;0;0;0,94
AEG50;separately(2010);global(ALB, HAI, SCH);0;1,95;5,33;2,7
HEG01;separately(2010);global(ALB, HAI, SCH);0;1,95;4,23;2,49
HEG02;separately(2010);global(ALB, HAI, SCH);0;2,92;4,23;2,67
HEG03;separately(2010);global(ALB, HAI, SCH);0;2,92;4,23;2,67
HEG04;separately(2010);global(ALB, HAI, SCH);1,35;0,97;2,28;2,15
HEG05;separately(2010);global(ALB, HAI, SCH);1,12;2,92;2,54;2,57
HEG06;separately(2010);global(ALB, HAI, SCH);0,8;0,97;3,72;2,34
HEG07;separately(2010);global(ALB, HAI, SCH);0,27;0;0;0,52
HEG08;separately(2010);global(ALB, HAI, SCH);0,27;0;0;0,52
HEG09;separately(2010);global(ALB, HAI, SCH);0,45;0;0;0,67
HEG10;separately(2010);global(ALB, HAI, SCH);0,75;0,97;4,8;2,55
HEG11;separately(2010);global(ALB, HAI, SCH);0,43;0,97;4,8;2,49
HEG12;separately(2010);global(ALB, HAI, SCH);8,6;0;1,13;3,12
HEG13;separately(2010);global(ALB, HAI, SCH);0,3;1,95;0;1,5
HEG14;separately(2010);global(ALB, HAI, SCH);0,15;1,95;3,29;2,32
HEG15;separately(2010);global(ALB, HAI, SCH);0,29;0,97;2,11;1,84
HEG16;separately(2010);global(ALB, HAI, SCH);1,23;0;0;1,11
HEG17;separately(2010);global(ALB, HAI, SCH);0,48;0;0;0,69
HEG18;separately(2010);global(ALB, HAI, SCH);0,53;0;0;0,73
HEG19;separately(2010);global(ALB, HAI, SCH);0,48;0;0;0,69
HEG20;separately(2010);global(ALB, HAI, SCH);0,39;0;0;0,62
HEG21;separately(2010);global(ALB, HAI, SCH);0,3;0;0;0,55
HEG22;separately(2010);global(ALB, HAI, SCH);0,14;1,95;0;1,45
HEG23;separately(2010);global(ALB, HAI, SCH);0,47;0,97;0;1,2
HEG24;separately(2010);global(ALB, HAI, SCH);0,82;0,97;0;1,34
HEG25;separately(2010);global(ALB, HAI, SCH);2,51;0;0;1,58
HEG26;separately(2010);global(ALB, HAI, SCH);0;1,95;0;1,4
HEG27;separately(2010);global(ALB, HAI, SCH);0;0,97;1,69;1,63
HEG28;separately(2010);global(ALB, HAI, SCH);0;0,97;2,28;1,8
HEG29;separately(2010);global(ALB, HAI, SCH);0;0,97;2,28;1,8
HEG30;separately(2010);global(ALB, HAI, SCH);0;2,92;1,97;2,21
HEG31;separately(2010);global(ALB, HAI, SCH);0,78;0,97;3,41;2,27
HEG32;separately(2010);global(ALB, HAI, SCH);1,19;0,97;1,69;1,96
HEG33;separately(2010);global(ALB, HAI, SCH);1,05;0,97;2,28;2,08
HEG34;separately(2010);global(ALB, HAI, SCH);0,8;0,97;3,72;2,34
HEG35;separately(2010);global(ALB, HAI, SCH);0,8;0,97;3,72;2,34
HEG36;separately(2010);global(ALB, HAI, SCH);0,52;0,97;2,76;2,06
HEG37;separately(2010);global(ALB, HAI, SCH);0,52;0,97;3,04;2,13
HEG38;separately(2010);global(ALB, HAI, SCH);1,4;0,97;0;1,54
HEG39;separately(2010);global(ALB, HAI, SCH);1,24;0;0;1,11
HEG40;separately(2010);global(ALB, HAI, SCH);3,42;0;0;1,85
HEG41;separately(2010);global(ALB, HAI, SCH);0,39;0;0;0,62
HEG42;separately(2010);global(ALB, HAI, SCH);0,48;0;0;0,69
HEG43;separately(2010);global(ALB, HAI, SCH);0,76;0,97;0;1,32
HEG44;separately(2010);global(ALB, HAI, SCH);0,46;0;0;0,68
HEG45;separately(2010);global(ALB, HAI, SCH);0,58;0;0;0,76
HEG46;separately(2010);global(ALB, HAI, SCH);0,61;0;0;0,78
HEG47;separately(2010);global(ALB, HAI, SCH);1,06;1,95;0;1,73
HEG48;separately(2010);global(ALB, HAI, SCH);1,62;0,97;0;1,61
HEG49;separately(2010);global(ALB, HAI, SCH);0,12;1,95;0;1,44
HEG50;separately(2010);global(ALB, HAI, SCH);0,2;0,97;0;1,08
SEG01;separately(2010);global(ALB, HAI, SCH);0;2,92;1,41;2,08
SEG02;separately(2010);global(ALB, HAI, SCH);0,67;0,97;1,41;1,75
SEG03;separately(2010);global(ALB, HAI, SCH);0;1,95;1,41;1,83
SEG04;separately(2010);global(ALB, HAI, SCH);0;0,97;0;0,99
SEG05;separately(2010);global(ALB, HAI, SCH);0;1,95;0;1,4
SEG06;separately(2010);global(ALB, HAI, SCH);3,11;0;0;1,76
SEG07;separately(2010);global(ALB, HAI, SCH);3,55;0;0;1,88
SEG08;separately(2010);global(ALB, HAI, SCH);0;0,97;0;0,99
SEG09;separately(2010);global(ALB, HAI, SCH);1,22;0;0;1,11
SEG10;separately(2010);global(ALB, HAI, SCH);0;1,95;1,41;1,83
SEG11;separately(2010);global(ALB, HAI, SCH);0;1,95;1,41;1,83
SEG12;separately(2010);global(ALB, HAI, SCH);0;2,92;1,41;2,08
SEG13;separately(2010);global(ALB, HAI, SCH);0;1,95;0;1,4
SEG14;separately(2010);global(ALB, HAI, SCH);0,93;0;0;0,97
SEG15;separately(2010);global(ALB, HAI, SCH);0;1,95;0;1,4
SEG16;separately(2010);global(ALB, HAI, SCH);0;0,97;0;0,99
SEG17;separately(2010);global(ALB, HAI, SCH);1,83;0;0;1,35
SEG18;separately(2010);global(ALB, HAI, SCH);0;1,95;0;1,4
SEG19;separately(2010);global(ALB, HAI, SCH);0,53;0,97;0;1,23
SEG20;separately(2010);global(ALB, HAI, SCH);1,24;0,97;0;1,49
SEG21;separately(2010);global(ALB, HAI, SCH);2,04;0;0;1,43
SEG22;separately(2010);global(ALB, HAI, SCH);7,33;0;0;2,71
SEG23;separately(2010);global(ALB, HAI, SCH);0;1,95;0,91;1,69
SEG24;separately(2010);global(ALB, HAI, SCH);0;0,97;0;0,99
SEG25;separately(2010);global(ALB, HAI, SCH);0;1,95;0;1,4
SEG26;separately(2010);global(ALB, HAI, SCH);0;1,95;0,91;1,69
SEG27;separately(2010);global(ALB, HAI, SCH);0;0,97;0;0,99
SEG28;separately(2010);global(ALB, HAI, SCH);0;0,97;0;0,99
SEG29;separately(2010);global(ALB, HAI, SCH);0;0,97;0;0,99
SEG30;separately(2010);global(ALB, HAI, SCH);0;1,95;0;1,4
SEG31;separately(2010);global(ALB, HAI, SCH);0;1,95;0;1,4
SEG32;separately(2010);global(ALB, HAI, SCH);0;1,95;0;1,4
SEG33;separately(2010);global(ALB, HAI, SCH);2,44;0;0;1,56
SEG34;separately(2010);global(ALB, HAI, SCH);1,14;0;2,4;1,88
SEG35;separately(2010);global(ALB, HAI, SCH);0,27;0,97;2,4;1,91
SEG36;separately(2010);global(ALB, HAI, SCH);2,59;0;0;1,61
SEG37;separately(2010);global(ALB, HAI, SCH);1,18;0,97;0;1,47
SEG38;separately(2010);global(ALB, HAI, SCH);1,95;0,97;0;1,71
SEG39;separately(2010);global(ALB, HAI, SCH);1,32;0,97;0;1,51
SEG40;separately(2010);global(ALB, HAI, SCH);4,21;0;0;2,05
SEG41;separately(2010);global(ALB, HAI, SCH);2,72;0;0;1,65
SEG42;separately(2010);global(ALB, HAI, SCH);6,03;0;0;2,46
SEG43;separately(2010);global(ALB, HAI, SCH);4,07;0;0;2,02
SEG44;separately(2010);global(ALB, HAI, SCH);0,81;0;0;0,9
SEG45;separately(2010);global(ALB, HAI, SCH);1,7;0;0;1,31
SEG46;separately(2010);global(ALB, HAI, SCH);4,38;0;0;2,09
SEG47;separately(2010);global(ALB, HAI, SCH);4,51;0,97;0;2,34
SEG48;separately(2010);global(ALB, HAI, SCH);3,46;0;0;1,86
SEG49;separately(2010);global(ALB, HAI, SCH);3,17;0;0;1,78
SEG50;separately(2010);global(ALB, HAI, SCH);1,41;0;0;1,19
AEG01;separately(2011);global(ALB, HAI, SCH);0;1,86;1,3;1,78
AEG02;separately(2011);global(ALB, HAI, SCH);0;2,8;6,9;3,11
AEG03;separately(2011);global(ALB, HAI, SCH);0;1,86;0,93;1,67
AEG04;separately(2011);global(ALB, HAI, SCH);0,53;0,93;3,35;2,19
AEG05;separately(2011);global(ALB, HAI, SCH);0,77;0,93;3,35;2,25
AEG06;separately(2011);global(ALB, HAI, SCH);0,92;0,93;1,3;1,78
AEG07;separately(2011);global(ALB, HAI, SCH);0,19;0;0;0,44
AEG08;separately(2011);global(ALB, HAI, SCH);0,52;0,93;0;1,2
AEG09;separately(2011);global(ALB, HAI, SCH);0,53;0;0;0,73
AEG10;separately(2011);global(ALB, HAI, SCH);0;0,93;0;0,97
AEG11;separately(2011);global(ALB, HAI, SCH);0;2,8;2,91;2,39
AEG12;separately(2011);global(ALB, HAI, SCH);0;1,86;3,35;2,28
AEG13;separately(2011);global(ALB, HAI, SCH);0;1,86;3,35;2,28
AEG14;separately(2011);global(ALB, HAI, SCH);0;1,86;3,13;2,23
AEG15;separately(2011);global(ALB, HAI, SCH);0;2,8;2,64;2,33
AEG16;separately(2011);global(ALB, HAI, SCH);0,75;0,93;0,68;1,54
AEG17;separately(2011);global(ALB, HAI, SCH);0;1,86;0,93;1,67
AEG18;separately(2011);global(ALB, HAI, SCH);0;1,86;3,13;2,23
AEG19;separately(2011);global(ALB, HAI, SCH);0,91;0,93;1,3;1,77
AEG20;separately(2011);global(ALB, HAI, SCH);1,08;0;0;1,04
AEG21;separately(2011);global(ALB, HAI, SCH);6,22;0;2,58;2,97
AEG22;separately(2011);global(ALB, HAI, SCH);0,24;0,93;0;1,08
AEG23;separately(2011);global(ALB, HAI, SCH);0;1,86;0,93;1,67
AEG24;separately(2011);global(ALB, HAI, SCH);0,8;1,86;2,35;2,24
AEG25;separately(2011);global(ALB, HAI, SCH);0,32;0;0;0,57
AEG26;separately(2011);global(ALB, HAI, SCH);2,21;0;0;1,49
AEG27;separately(2011);global(ALB, HAI, SCH);0,87;0;0;0,93
AEG28;separately(2011);global(ALB, HAI, SCH);0,74;0;0;0,86
AEG29;separately(2011);global(ALB, HAI, SCH);1,44;0,93;0,24;1,61
AEG30;separately(2011);global(ALB, HAI, SCH);1,51;0,93;0;1,56
AEG31;separately(2011);global(ALB, HAI, SCH);1,01;0,93;0;1,39
AEG32;separately(2011);global(ALB, HAI, SCH);0,45;0;0;0,67
AEG33;separately(2011);global(ALB, HAI, SCH);1,17;0;0;1,08
AEG34;separately(2011);global(ALB, HAI, SCH);1,47;0,93;0;1,55
AEG35;separately(2011);global(ALB, HAI, SCH);0;1,86;0,87;1,65
AEG36;separately(2011);global(ALB, HAI, SCH);0;1,86;0,87;1,65
AEG37;separately(2011);global(ALB, HAI, SCH);0;2,8;1,3;2,02
AEG38;separately(2011);global(ALB, HAI, SCH);0;1,86;1,09;1,72
AEG39;separately(2011);global(ALB, HAI, SCH);0;2,8;3,35;2,48
AEG40;separately(2011);global(ALB, HAI, SCH);0;2,8;2,12;2,22
AEG41;separately(2011);global(ALB, HAI, SCH);0;2,8;4,85;2,76
AEG42;separately(2011);global(ALB, HAI, SCH);0,57;1,86;1,86;2,07
AEG43;separately(2011);global(ALB, HAI, SCH);1,39;0;0;1,18
AEG44;separately(2011);global(ALB, HAI, SCH);1,34;0;0;1,16
AEG45;separately(2011);global(ALB, HAI, SCH);0;2,8;0;1,67
AEG46;separately(2011);global(ALB, HAI, SCH);1,95;0;0;1,4
AEG47;separately(2011);global(ALB, HAI, SCH);0,52;0;0;0,72
AEG48;separately(2011);global(ALB, HAI, SCH);0,4;0;0;0,64
AEG49;separately(2011);global(ALB, HAI, SCH);1,16;0;0;1,08
AEG50;separately(2011);global(ALB, HAI, SCH);0;1,86;2,05;1,98
HEG01;separately(2011);global(ALB, HAI, SCH);0;2,8;5,32;2,85
HEG02;separately(2011);global(ALB, HAI, SCH);0,22;2,8;3,92;2,63
HEG03;separately(2011);global(ALB, HAI, SCH);0,22;2,8;3,92;2,63
HEG04;separately(2011);global(ALB, HAI, SCH);1,33;1,86;3,12;2,51
HEG05;separately(2011);global(ALB, HAI, SCH);0,97;1,86;5,44;2,88
HEG06;separately(2011);global(ALB, HAI, SCH);0,18;1,86;0;1,43
HEG07;separately(2011);global(ALB, HAI, SCH);5,21;0,93;0;2,48
HEG08;separately(2011);global(ALB, HAI, SCH);1,75;0;0;1,32
HEG09;separately(2011);global(ALB, HAI, SCH);0,51;0;0;0,71
HEG10;separately(2011);global(ALB, HAI, SCH);0,92;0,93;0;1,36
HEG11;separately(2011);global(ALB, HAI, SCH);0,4;0,93;0;1,16
HEG12;separately(2011);global(ALB, HAI, SCH);6,95;0;0;2,64
HEG13;separately(2011);global(ALB, HAI, SCH);0,34;2,8;0;1,77
HEG14;separately(2011);global(ALB, HAI, SCH);0;0,93;3,78;2,17
HEG15;separately(2011);global(ALB, HAI, SCH);0,27;1,86;6,24;2,89
HEG16;separately(2011);global(ALB, HAI, SCH);1,59;0;0;1,26
HEG17;separately(2011);global(ALB, HAI, SCH);0,38;0;0;0,61
HEG18;separately(2011);global(ALB, HAI, SCH);0,4;0;0;0,63
HEG19;separately(2011);global(ALB, HAI, SCH);0,38;0;0;0,61
HEG20;separately(2011);global(ALB, HAI, SCH);1,61;0;0;1,27
HEG21;separately(2011);global(ALB, HAI, SCH);0,53;0;0;0,73
HEG22;separately(2011);global(ALB, HAI, SCH);0,24;1,86;0;1,45
HEG23;separately(2011);global(ALB, HAI, SCH);1,54;1,86;0;1,85
HEG24;separately(2011);global(ALB, HAI, SCH);2,18;1,86;0;2,01
HEG25;separately(2011);global(ALB, HAI, SCH);0,56;0,93;0;1,22
HEG26;separately(2011);global(ALB, HAI, SCH);0;0,93;2,73;1,91
HEG27;separately(2011);global(ALB, HAI, SCH);0;1,86;2,02;1,97
HEG28;separately(2011);global(ALB, HAI, SCH);0;1,86;2,34;2,05
HEG29;separately(2011);global(ALB, HAI, SCH);0;1,86;2,34;2,05
HEG30;separately(2011);global(ALB, HAI, SCH);0;1,86;3,2;2,25
HEG31;separately(2011);global(ALB, HAI, SCH);0,39;1,86;2,12;2,09
HEG32;separately(2011);global(ALB, HAI, SCH);0,91;0,93;1,73;1,89
HEG33;separately(2011);global(ALB, HAI, SCH);1,13;0,93;3,12;2,28
HEG34;separately(2011);global(ALB, HAI, SCH);0,18;1,86;0;1,43
HEG35;separately(2011);global(ALB, HAI, SCH);0,88;0,93;0;1,35
HEG36;separately(2011);global(ALB, HAI, SCH);0,08;1,86;5,53;2,73
HEG37;separately(2011);global(ALB, HAI, SCH);0,08;1,86;4,04;2,45
HEG38;separately(2011);global(ALB, HAI, SCH);2,58;0;0;1,61
HEG39;separately(2011);global(ALB, HAI, SCH);0,78;0,93;0;1,31
HEG40;separately(2011);global(ALB, HAI, SCH);2,12;0;0;1,46
HEG41;separately(2011);global(ALB, HAI, SCH);1,61;0;0;1,27
HEG42;separately(2011);global(ALB, HAI, SCH);0,38;0;0;0,61
HEG43;separately(2011);global(ALB, HAI, SCH);0,55;0;0;0,74
HEG44;separately(2011);global(ALB, HAI, SCH);0,61;0;0;0,78
HEG45;separately(2011);global(ALB, HAI, SCH);0,45;0;0;0,67
HEG46;separately(2011);global(ALB, HAI, SCH);1,11;0;0;1,05
HEG47;separately(2011);global(ALB, HAI, SCH);1,45;0,93;0;1,54
HEG48;separately(2011);global(ALB, HAI, SCH);0,28;0,93;0;1,1
HEG49;separately(2011);global(ALB, HAI, SCH);0;1,86;2,73;2,14
HEG50;separately(2011);global(ALB, HAI, SCH);0,26;0,93;0;1,09
SEG01;separately(2011);global(ALB, HAI, SCH);0;1,86;2,31;2,04
SEG02;separately(2011);global(ALB, HAI, SCH);0,22;0,93;2,31;1,86
SEG03;separately(2011);global(ALB, HAI, SCH);1,36;2,8;2,31;2,54
SEG04;separately(2011);global(ALB, HAI, SCH);0,43;0,93;0;1,17
SEG05;separately(2011);global(ALB, HAI, SCH);0;0,93;0;0,97
SEG06;separately(2011);global(ALB, HAI, SCH);2,54;0;0;1,59
SEG07;separately(2011);global(ALB, HAI, SCH);4,23;0;0;2,06
SEG08;separately(2011);global(ALB, HAI, SCH);0,23;0,93;0;1,08
SEG09;separately(2011);global(ALB, HAI, SCH);3,49;0;0;1,87
SEG10;separately(2011);global(ALB, HAI, SCH);0;1,86;2,31;2,04
SEG11;separately(2011);global(ALB, HAI, SCH);0;1,86;2,31;2,04
SEG12;separately(2011);global(ALB, HAI, SCH);0;1,86;2,31;2,04
SEG13;separately(2011);global(ALB, HAI, SCH);0,88;1,86;0;1,66
SEG14;separately(2011);global(ALB, HAI, SCH);0,9;0;0;0,95
SEG15;separately(2011);global(ALB, HAI, SCH);0;1,86;0;1,37
SEG16;separately(2011);global(ALB, HAI, SCH);1,81;0,93;0;1,66
SEG17;separately(2011);global(ALB, HAI, SCH);0,65;0,93;0;1,26
SEG18;separately(2011);global(ALB, HAI, SCH);0;1,86;0;1,37
SEG19;separately(2011);global(ALB, HAI, SCH);1,74;0;0;1,32
SEG20;separately(2011);global(ALB, HAI, SCH);3,01;0;0;1,73
SEG21;separately(2011);global(ALB, HAI, SCH);1,77;0;0;1,33
SEG22;separately(2011);global(ALB, HAI, SCH);3,48;0;0;1,86
SEG23;separately(2011);global(ALB, HAI, SCH);0;1,86;1,09;1,72
SEG24;separately(2011);global(ALB, HAI, SCH);0;0,93;0;0,97
SEG25;separately(2011);global(ALB, HAI, SCH);0;1,86;0;1,37
SEG26;separately(2011);global(ALB, HAI, SCH);0;0,93;1,09;1,42
SEG27;separately(2011);global(ALB, HAI, SCH);0;0,93;0;0,97
SEG28;separately(2011);global(ALB, HAI, SCH);0;0,93;0;0,97
SEG29;separately(2011);global(ALB, HAI, SCH);0;0,93;0;0,97
SEG30;separately(2011);global(ALB, HAI, SCH);0;1,86;0;1,37
SEG31;separately(2011);global(ALB, HAI, SCH);0;1,86;0;1,37
SEG32;separately(2011);global(ALB, HAI, SCH);0;1,86;0;1,37
SEG33;separately(2011);global(ALB, HAI, SCH);1,69;0;2,46;2,04
SEG34;separately(2011);global(ALB, HAI, SCH);1,24;0;2,46;1,92
SEG35;separately(2011);global(ALB, HAI, SCH);1,81;0;2,46;2,07
SEG36;separately(2011);global(ALB, HAI, SCH);1,36;0;0;1,17
SEG37;separately(2011);global(ALB, HAI, SCH);3,98;0;0;1,99
SEG38;separately(2011);global(ALB, HAI, SCH);2,91;0,93;0;1,96
SEG39;separately(2011);global(ALB, HAI, SCH);0,73;0,93;0;1,29
SEG40;separately(2011);global(ALB, HAI, SCH);4,91;0;0;2,22
SEG41;separately(2011);global(ALB, HAI, SCH);2,59;0;0;1,61
SEG42;separately(2011);global(ALB, HAI, SCH);4,35;0;0;2,09
SEG43;separately(2011);global(ALB, HAI, SCH);4,11;0;0;2,03
SEG44;separately(2011);global(ALB, HAI, SCH);1,51;0;0;1,23
SEG45;separately(2011);global(ALB, HAI, SCH);2,81;0;0;1,68
SEG46;separately(2011);global(ALB, HAI, SCH);4,26;0;0;2,06
SEG47;separately(2011);global(ALB, HAI, SCH);2,71;0;0;1,65
SEG48;separately(2011);global(ALB, HAI, SCH);2,12;0;0;1,45
SEG49;separately(2011);global(ALB, HAI, SCH);1,75;0;0;1,32
SEG50;separately(2011);global(ALB, HAI, SCH);1,93;0;0;1,39
AEG01;separately(2012);global(ALB, HAI, SCH);0;1,89;3,63;2,35
AEG02;separately(2012);global(ALB, HAI, SCH);0;2,83;5,25;2,84
AEG03;separately(2012);global(ALB, HAI, SCH);0,26;0,94;0;1,1
AEG04;separately(2012);global(ALB, HAI, SCH);1,14;0,94;1,31;1,84
AEG05;separately(2012);global(ALB, HAI, SCH);0,78;0,94;1,31;1,74
AEG06;separately(2012);global(ALB, HAI, SCH);0,51;0,94;3,63;2,26
AEG07;separately(2012);global(ALB, HAI, SCH);0,28;0;0;0,53
AEG08;separately(2012);global(ALB, HAI, SCH);0,47;0,94;0;1,19
AEG09;separately(2012);global(ALB, HAI, SCH);0,52;0;0;0,72
AEG10;separately(2012);global(ALB, HAI, SCH);0;0,94;0;0,97
AEG11;separately(2012);global(ALB, HAI, SCH);0;2,83;1,79;2,15
AEG12;separately(2012);global(ALB, HAI, SCH);0;2,83;2,12;2,22
AEG13;separately(2012);global(ALB, HAI, SCH);0;1,89;2,12;2
AEG14;separately(2012);global(ALB, HAI, SCH);0;1,89;4,52;2,53
AEG15;separately(2012);global(ALB, HAI, SCH);0;2,83;6,75;3,09
AEG16;separately(2012);global(ALB, HAI, SCH);1,04;0,94;0,27;1,5
AEG17;separately(2012);global(ALB, HAI, SCH);0;1,89;1,06;1,72
AEG18;separately(2012);global(ALB, HAI, SCH);0;1,89;4,52;2,53
AEG19;separately(2012);global(ALB, HAI, SCH);0,69;0,94;1,31;1,72
AEG20;separately(2012);global(ALB, HAI, SCH);0,63;0;0;0,8
AEG21;separately(2012);global(ALB, HAI, SCH);2,77;0,94;1,55;2,29
AEG22;separately(2012);global(ALB, HAI, SCH);0,24;0,94;0;1,09
AEG23;separately(2012);global(ALB, HAI, SCH);0;1,89;1,06;1,72
AEG24;separately(2012);global(ALB, HAI, SCH);0,97;1,89;2,66;2,35
AEG25;separately(2012);global(ALB, HAI, SCH);0,32;0;0;0,56
AEG26;separately(2012);global(ALB, HAI, SCH);2,15;0;0;1,47
AEG27;separately(2012);global(ALB, HAI, SCH);1,02;0;0;1,01
AEG28;separately(2012);global(ALB, HAI, SCH);1,9;0;0;1,38
AEG29;separately(2012);global(ALB, HAI, SCH);0,84;0,94;0;1,34
AEG30;separately(2012);global(ALB, HAI, SCH);1,87;0,94;0;1,68
AEG31;separately(2012);global(ALB, HAI, SCH);1,35;0,94;0;1,52
AEG32;separately(2012);global(ALB, HAI, SCH);0,98;0;0;0,99
AEG33;separately(2012);global(ALB, HAI, SCH);1,14;0;0;1,07
AEG34;separately(2012);global(ALB, HAI, SCH);1,47;0,94;0;1,55
AEG35;separately(2012);global(ALB, HAI, SCH);0;2,83;0,98;1,95
AEG36;separately(2012);global(ALB, HAI, SCH);0,19;1,89;0,98;1,75
AEG37;separately(2012);global(ALB, HAI, SCH);0,31;1,89;2,12;2,08
AEG38;separately(2012);global(ALB, HAI, SCH);0;1,89;0;1,37
AEG39;separately(2012);global(ALB, HAI, SCH);0;1,89;2,12;2
AEG40;separately(2012);global(ALB, HAI, SCH);0;1,89;1,88;1,94
AEG41;separately(2012);global(ALB, HAI, SCH);0,1;1,89;5,29;2,7
AEG42;separately(2012);global(ALB, HAI, SCH);0,93;1,89;2,12;2,22
AEG43;separately(2012);global(ALB, HAI, SCH);1,11;0;0;1,05
AEG44;separately(2012);global(ALB, HAI, SCH);1,63;0;0;1,27
AEG45;separately(2012);global(ALB, HAI, SCH);0;2,83;0;1,68
AEG46;separately(2012);global(ALB, HAI, SCH);1,67;0;0;1,29
AEG47;separately(2012);global(ALB, HAI, SCH);0,51;0;0;0,72
AEG48;separately(2012);global(ALB, HAI, SCH);0,4;0;0;0,63
AEG49;separately(2012);global(ALB, HAI, SCH);1,38;0;0;1,18
AEG50;separately(2012);global(ALB, HAI, SCH);0;1,89;0,54;1,56
HEG01;separately(2012);global(ALB, HAI, SCH);0,2;1,89;5,57;2,77
HEG02;separately(2012);global(ALB, HAI, SCH);0,15;0,94;4,75;2,42
HEG03;separately(2012);global(ALB, HAI, SCH);0,15;1,89;4,75;2,6
HEG04;separately(2012);global(ALB, HAI, SCH);0,37;1,89;0;1,5
HEG05;separately(2012);global(ALB, HAI, SCH);1,68;0,94;5,47;2,84
HEG06;separately(2012);global(ALB, HAI, SCH);0,34;1,89;0;1,49
HEG07;separately(2012);global(ALB, HAI, SCH);2,88;0;0;1,7
HEG08;separately(2012);global(ALB, HAI, SCH);0,64;0;0;0,8
HEG09;separately(2012);global(ALB, HAI, SCH);0,31;0;0;0,56
HEG10;separately(2012);global(ALB, HAI, SCH);0,13;0,94;0;1,04
HEG11;separately(2012);global(ALB, HAI, SCH);0;0,94;0;0,97
HEG12;separately(2012);global(ALB, HAI, SCH);8,79;0;0;2,96
HEG13;separately(2012);global(ALB, HAI, SCH);0,2;2,83;0;1,74
HEG14;separately(2012);global(ALB, HAI, SCH);0,18;0,94;5,96;2,66
HEG15;separately(2012);global(ALB, HAI, SCH);0,4;1,89;5,21;2,74
HEG16;separately(2012);global(ALB, HAI, SCH);2,54;0;0;1,59
HEG17;separately(2012);global(ALB, HAI, SCH);0,5;0;0;0,7
HEG18;separately(2012);global(ALB, HAI, SCH);0,66;0;0;0,81
HEG19;separately(2012);global(ALB, HAI, SCH);0,5;0;0;0,7
HEG20;separately(2012);global(ALB, HAI, SCH);2,33;0;0;1,53
HEG21;separately(2012);global(ALB, HAI, SCH);0,75;0;0;0,86
HEG22;separately(2012);global(ALB, HAI, SCH);0,2;1,89;0;1,45
HEG23;separately(2012);global(ALB, HAI, SCH);0,48;0,94;0;1,19
HEG24;separately(2012);global(ALB, HAI, SCH);0,87;1,89;0;1,66
HEG25;separately(2012);global(ALB, HAI, SCH);0,49;0,94;0;1,2
HEG26;separately(2012);global(ALB, HAI, SCH);0;0,94;0;0,97
HEG27;separately(2012);global(ALB, HAI, SCH);0;1,89;1,96;1,96
HEG28;separately(2012);global(ALB, HAI, SCH);0;1,89;0;1,37
HEG29;separately(2012);global(ALB, HAI, SCH);0;1,89;0;1,37
HEG30;separately(2012);global(ALB, HAI, SCH);0;1,89;5,47;2,71
HEG31;separately(2012);global(ALB, HAI, SCH);0,41;0,94;2,41;1,94
HEG32;separately(2012);global(ALB, HAI, SCH);1,54;0,94;1,96;2,11
HEG33;separately(2012);global(ALB, HAI, SCH);0,66;0,94;0;1,27
HEG34;separately(2012);global(ALB, HAI, SCH);0,34;1,89;0;1,49
HEG35;separately(2012);global(ALB, HAI, SCH);0,46;0,94;0;1,19
HEG36;separately(2012);global(ALB, HAI, SCH);0,31;1,89;6,91;3,02
HEG37;separately(2012);global(ALB, HAI, SCH);0,31;1,89;6,91;3,02
HEG38;separately(2012);global(ALB, HAI, SCH);4,6;0;0;2,15
HEG39;separately(2012);global(ALB, HAI, SCH);0,83;0,94;0;1,33
HEG40;separately(2012);global(ALB, HAI, SCH);4,04;0;0;2,01
HEG41;separately(2012);global(ALB, HAI, SCH);2,33;0;0;1,53
HEG42;separately(2012);global(ALB, HAI, SCH);0,5;0;0;0,7
HEG43;separately(2012);global(ALB, HAI, SCH);1,01;0,94;0;1,4
HEG44;separately(2012);global(ALB, HAI, SCH);0,34;0,94;0;1,13
HEG45;separately(2012);global(ALB, HAI, SCH);0,65;0;0;0,81
HEG46;separately(2012);global(ALB, HAI, SCH);0,63;0;0;0,79
HEG47;separately(2012);global(ALB, HAI, SCH);0,57;1,89;0;1,57
HEG48;separately(2012);global(ALB, HAI, SCH);0,17;1,89;0;1,44
HEG49;separately(2012);global(ALB, HAI, SCH);0;0,94;0;0,97
HEG50;separately(2012);global(ALB, HAI, SCH);0,16;0,94;0;1,05
SEG01;separately(2012);global(ALB, HAI, SCH);0;1,89;1,47;1,83
SEG02;separately(2012);global(ALB, HAI, SCH);0,69;1,89;1,47;2,01
SEG03;separately(2012);global(ALB, HAI, SCH);0;1,89;1,47;1,83
SEG04;separately(2012);global(ALB, HAI, SCH);0,89;0;0;0,94
SEG05;separately(2012);global(ALB, HAI, SCH);1,23;1,89;0;1,77
SEG06;separately(2012);global(ALB, HAI, SCH);2,09;0;0;1,45
SEG07;separately(2012);global(ALB, HAI, SCH);3,96;0;0;1,99
SEG08;separately(2012);global(ALB, HAI, SCH);0,29;1,89;1,06;1,8
SEG09;separately(2012);global(ALB, HAI, SCH);4,2;0;0;2,05
SEG10;separately(2012);global(ALB, HAI, SCH);0,63;0,94;1,47;1,75
SEG11;separately(2012);global(ALB, HAI, SCH);0,63;0,94;1,47;1,75
SEG12;separately(2012);global(ALB, HAI, SCH);0;1,89;1,47;1,83
SEG13;separately(2012);global(ALB, HAI, SCH);0;1,89;0;1,37
SEG14;separately(2012);global(ALB, HAI, SCH);0,6;0,94;0;1,24
SEG15;separately(2012);global(ALB, HAI, SCH);0,12;1,89;0;1,42
SEG16;separately(2012);global(ALB, HAI, SCH);4,93;0,94;0;2,42
SEG17;separately(2012);global(ALB, HAI, SCH);0,15;1,89;0;1,43
SEG18;separately(2012);global(ALB, HAI, SCH);0;1,89;0;1,37
SEG19;separately(2012);global(ALB, HAI, SCH);1,21;0,94;0;1,47
SEG20;separately(2012);global(ALB, HAI, SCH);2,14;0;0;1,46
SEG21;separately(2012);global(ALB, HAI, SCH);1,93;0;0;1,39
SEG22;separately(2012);global(ALB, HAI, SCH);3,33;0;0;1,82
SEG23;separately(2012);global(ALB, HAI, SCH);0;2,83;2,12;2,22
SEG24;separately(2012);global(ALB, HAI, SCH);0;0,94;0;0,97
SEG25;separately(2012);global(ALB, HAI, SCH);0;1,89;0;1,37
SEG26;separately(2012);global(ALB, HAI, SCH);0;2,83;2,12;2,22
SEG27;separately(2012);global(ALB, HAI, SCH);0;0,94;0;0,97
SEG28;separately(2012);global(ALB, HAI, SCH);0;1,89;0;1,37
SEG29;separately(2012);global(ALB, HAI, SCH);0;0,94;0;0,97
SEG30;separately(2012);global(ALB, HAI, SCH);0;1,89;0;1,37
SEG31;separately(2012);global(ALB, HAI, SCH);0;1,89;0;1,37
SEG32;separately(2012);global(ALB, HAI, SCH);0;1,89;0;1,37
SEG33;separately(2012);global(ALB, HAI, SCH);1,78;0;2,79;2,14
SEG34;separately(2012);global(ALB, HAI, SCH);1,59;0;2,79;2,09
SEG35;separately(2012);global(ALB, HAI, SCH);1,28;0;2,79;2,02
SEG36;separately(2012);global(ALB, HAI, SCH);1,91;0;0;1,38
SEG37;separately(2012);global(ALB, HAI, SCH);2,69;0;0;1,64
SEG38;separately(2012);global(ALB, HAI, SCH);1,55;0,94;0;1,58
SEG39;separately(2012);global(ALB, HAI, SCH);1,33;0;0;1,15
SEG40;separately(2012);global(ALB, HAI, SCH);3,61;0;0;1,9
SEG41;separately(2012);global(ALB, HAI, SCH);1,44;0;0;1,2
SEG42;separately(2012);global(ALB, HAI, SCH);7,1;0;9,29;4,05
SEG43;separately(2012);global(ALB, HAI, SCH);1,97;0;0;1,4
SEG44;separately(2012);global(ALB, HAI, SCH);2,03;0;0;1,43
SEG45;separately(2012);global(ALB, HAI, SCH);1,7;0;0;1,31
SEG46;separately(2012);global(ALB, HAI, SCH);5,29;0;0;2,3
SEG47;separately(2012);global(ALB, HAI, SCH);3,07;0;0;1,75
SEG48;separately(2012);global(ALB, HAI, SCH);2,54;0;0;1,59
SEG49;separately(2012);global(ALB, HAI, SCH);2,46;0;0;1,57
SEG50;separately(2012);global(ALB, HAI, SCH);0,46;0;0;0,68
AEG01;separately(2013);global(ALB, HAI, SCH);0;1,92;1,84;1,94
AEG02;separately(2013);global(ALB, HAI, SCH);0;1,92;4,43;2,52
AEG03;separately(2013);global(ALB, HAI, SCH);0;1,92;0,05;1,41
AEG04;separately(2013);global(ALB, HAI, SCH);0,72;0,96;1,84;1,88
AEG05;separately(2013);global(ALB, HAI, SCH);0,91;0,96;1,84;1,93
AEG06;separately(2013);global(ALB, HAI, SCH);1,16;0,96;1,84;1,99
AEG07;separately(2013);global(ALB, HAI, SCH);0,19;0;0;0,43
AEG08;separately(2013);global(ALB, HAI, SCH);1,12;0,96;0;1,44
AEG09;separately(2013);global(ALB, HAI, SCH);0,45;0;0;0,67
AEG10;separately(2013);global(ALB, HAI, SCH);0;0,96;0;0,98
AEG11;separately(2013);global(ALB, HAI, SCH);0;2,88;1,38;2,07
AEG12;separately(2013);global(ALB, HAI, SCH);0;1,92;2,99;2,22
AEG13;separately(2013);global(ALB, HAI, SCH);0;1,92;2,99;2,22
AEG14;separately(2013);global(ALB, HAI, SCH);0;1,92;0,77;1,64
AEG15;separately(2013);global(ALB, HAI, SCH);0;2,88;9,5;3,52
AEG16;separately(2013);global(ALB, HAI, SCH);1,58;0,96;0,77;1,82
AEG17;separately(2013);global(ALB, HAI, SCH);0;1,92;0,74;1,63
AEG18;separately(2013);global(ALB, HAI, SCH);0;2,88;2,15;2,24
AEG19;separately(2013);global(ALB, HAI, SCH);1,37;0;1,84;1,79
AEG20;separately(2013);global(ALB, HAI, SCH);0,35;0;0;0,59
AEG21;separately(2013);global(ALB, HAI, SCH);5,58;0;4,8;3,22
AEG22;separately(2013);global(ALB, HAI, SCH);0,99;0,96;0;1,4
AEG23;separately(2013);global(ALB, HAI, SCH);0;1,92;1,19;1,76
AEG24;separately(2013);global(ALB, HAI, SCH);1,6;1,92;3,75;2,7
AEG25;separately(2013);global(ALB, HAI, SCH);0,29;0;0;0,53
AEG26;separately(2013);global(ALB, HAI, SCH);1,82;0;0;1,35
AEG27;separately(2013);global(ALB, HAI, SCH);1,12;0;0;1,06
AEG28;separately(2013);global(ALB, HAI, SCH);1,46;0;0;1,21
AEG29;separately(2013);global(ALB, HAI, SCH);1,2;1,92;0,76;1,97
AEG30;separately(2013);global(ALB, HAI, SCH);2,29;0,96;0;1,8
AEG31;separately(2013);global(ALB, HAI, SCH);1,36;0,96;0;1,52
AEG32;separately(2013);global(ALB, HAI, SCH);0,8;0;0;0,9
AEG33;separately(2013);global(ALB, HAI, SCH);1,21;0;0;1,1
AEG34;separately(2013);global(ALB, HAI, SCH);1,17;0,96;0;1,46
AEG35;separately(2013);global(ALB, HAI, SCH);0;1,92;1,84;1,94
AEG36;separately(2013);global(ALB, HAI, SCH);0;1,92;1,61;1,88
AEG37;separately(2013);global(ALB, HAI, SCH);0,21;1,92;3,37;2,34
AEG38;separately(2013);global(ALB, HAI, SCH);0;1,92;0;1,39
AEG39;separately(2013);global(ALB, HAI, SCH);0;1,92;3,37;2,3
AEG40;separately(2013);global(ALB, HAI, SCH);0;2,88;3,62;2,55
AEG41;separately(2013);global(ALB, HAI, SCH);0;2,88;7,38;3,2
AEG42;separately(2013);global(ALB, HAI, SCH);1,43;0,96;1,38;1,94
AEG43;separately(2013);global(ALB, HAI, SCH);0;1,92;0;1,39
AEG44;separately(2013);global(ALB, HAI, SCH);1,22;0;0;1,1
AEG45;separately(2013);global(ALB, HAI, SCH);0;1,92;0,77;1,64
AEG46;separately(2013);global(ALB, HAI, SCH);2,86;0;0;1,69
AEG47;separately(2013);global(ALB, HAI, SCH);0,53;0;0;0,72
AEG48;separately(2013);global(ALB, HAI, SCH);0,43;0;0;0,66
AEG49;separately(2013);global(ALB, HAI, SCH);1,22;0;0;1,1
AEG50;separately(2013);global(ALB, HAI, SCH);0;1,92;0,77;1,64
HEG01;separately(2013);global(ALB, HAI, SCH);0,85;1,92;6,36;3,02
HEG02;separately(2013);global(ALB, HAI, SCH);0;0,96;3,46;2,1
HEG03;separately(2013);global(ALB, HAI, SCH);0;1,92;6,36;2,88
HEG04;separately(2013);global(ALB, HAI, SCH);0,58;1,92;2,49;2,23
HEG05;separately(2013);global(ALB, HAI, SCH);0,84;1,92;3,87;2,58
HEG06;separately(2013);global(ALB, HAI, SCH);0,54;1,92;0;1,57
HEG07;separately(2013);global(ALB, HAI, SCH);1,29;0;0;1,13
HEG08;separately(2013);global(ALB, HAI, SCH);1,29;0;0;1,13
HEG09;separately(2013);global(ALB, HAI, SCH);0,47;0;0;0,68
HEG10;separately(2013);global(ALB, HAI, SCH);0;0,96;4,09;2,25
HEG11;separately(2013);global(ALB, HAI, SCH);0;0,96;4,09;2,25
HEG12;separately(2013);global(ALB, HAI, SCH);11,74;0;0;3,43
HEG13;separately(2013);global(ALB, HAI, SCH);0,14;1,92;1,49;1,89
HEG14;separately(2013);global(ALB, HAI, SCH);0,07;1,92;2,77;2,18
HEG15;separately(2013);global(ALB, HAI, SCH);0,3;0,96;3,46;2,17
HEG16;separately(2013);global(ALB, HAI, SCH);1,08;0;0;1,04
HEG17;separately(2013);global(ALB, HAI, SCH);0,25;0;0;0,5
HEG18;separately(2013);global(ALB, HAI, SCH);0,29;0,96;0;1,12
HEG19;separately(2013);global(ALB, HAI, SCH);0,25;0;0;0,5
HEG20;separately(2013);global(ALB, HAI, SCH);0,75;0;0;0,87
HEG21;separately(2013);global(ALB, HAI, SCH);0,34;0;0;0,59
HEG22;separately(2013);global(ALB, HAI, SCH);0,31;1,92;0;1,49
HEG23;separately(2013);global(ALB, HAI, SCH);0,5;0,96;0;1,21
HEG24;separately(2013);global(ALB, HAI, SCH);1,18;0,96;0;1,46
HEG25;separately(2013);global(ALB, HAI, SCH);0,26;0,96;0;1,11
HEG26;separately(2013);global(ALB, HAI, SCH);0;0,96;0;0,98
HEG27;separately(2013);global(ALB, HAI, SCH);0;0,96;2,31;1,81
HEG28;separately(2013);global(ALB, HAI, SCH);0;1,92;0;1,39
HEG29;separately(2013);global(ALB, HAI, SCH);0;1,92;0;1,39
HEG30;separately(2013);global(ALB, HAI, SCH);0;2,88;3,92;2,61
HEG31;separately(2013);global(ALB, HAI, SCH);0,32;1,92;3,83;2,46
HEG32;separately(2013);global(ALB, HAI, SCH);0,56;0,96;2,31;1,96
HEG33;separately(2013);global(ALB, HAI, SCH);0,61;1,92;0;1,59
HEG34;separately(2013);global(ALB, HAI, SCH);0,54;1,92;0;1,57
HEG35;separately(2013);global(ALB, HAI, SCH);1,73;0,96;3,04;2,39
HEG36;separately(2013);global(ALB, HAI, SCH);0,31;1,92;6,96;3,03
HEG37;separately(2013);global(ALB, HAI, SCH);0,31;1,92;6,96;3,03
HEG38;separately(2013);global(ALB, HAI, SCH);6,87;0;0;2,62
HEG39;separately(2013);global(ALB, HAI, SCH);1,02;0;0;1,01
HEG40;separately(2013);global(ALB, HAI, SCH);2,61;0;0;1,61
HEG41;separately(2013);global(ALB, HAI, SCH);0,75;0;0;0,87
HEG42;separately(2013);global(ALB, HAI, SCH);0,41;0;0;0,64
HEG43;separately(2013);global(ALB, HAI, SCH);0,47;0,96;0;1,2
HEG44;separately(2013);global(ALB, HAI, SCH);0,26;0;0;0,51
HEG45;separately(2013);global(ALB, HAI, SCH);0,63;0;0;0,79
HEG46;separately(2013);global(ALB, HAI, SCH);0,54;0;0;0,73
HEG47;separately(2013);global(ALB, HAI, SCH);0;1,92;0;1,39
HEG48;separately(2013);global(ALB, HAI, SCH);0;0,96;0;0,98
HEG49;separately(2013);global(ALB, HAI, SCH);0;1,92;0;1,39
HEG50;separately(2013);global(ALB, HAI, SCH);0,19;0,96;0;1,07
SEG01;separately(2013);global(ALB, HAI, SCH);0;1,92;0;1,39
SEG02;separately(2013);global(ALB, HAI, SCH);0;1,92;0;1,39
SEG03;separately(2013);global(ALB, HAI, SCH);0;1,92;0;1,39
SEG04;separately(2013);global(ALB, HAI, SCH);0,89;0;0;0,94
SEG05;separately(2013);global(ALB, HAI, SCH);0;0,96;0;0,98
SEG06;separately(2013);global(ALB, HAI, SCH);1,84;0;0;1,36
SEG07;separately(2013);global(ALB, HAI, SCH);2,77;0;0;1,66
SEG08;separately(2013);global(ALB, HAI, SCH);0,62;0;3,46;2,02
SEG09;separately(2013);global(ALB, HAI, SCH);3,71;0;0;1,93
SEG10;separately(2013);global(ALB, HAI, SCH);1,46;0,96;0;1,55
SEG11;separately(2013);global(ALB, HAI, SCH);1,14;0,96;0;1,45
SEG12;separately(2013);global(ALB, HAI, SCH);0;1,92;0;1,39
SEG13;separately(2013);global(ALB, HAI, SCH);0;2,88;0;1,7
SEG14;separately(2013);global(ALB, HAI, SCH);0,65;0,96;0;1,27
SEG15;separately(2013);global(ALB, HAI, SCH);0;1,92;0;1,39
SEG16;separately(2013);global(ALB, HAI, SCH);2,57;0;0;1,6
SEG17;separately(2013);global(ALB, HAI, SCH);0,15;1,92;0;1,44
SEG18;separately(2013);global(ALB, HAI, SCH);0;1,92;0;1,39
SEG19;separately(2013);global(ALB, HAI, SCH);0,21;0,96;0;1,08
SEG20;separately(2013);global(ALB, HAI, SCH);3,03;0;0;1,74
SEG21;separately(2013);global(ALB, HAI, SCH);2,93;0;0;1,71
SEG22;separately(2013);global(ALB, HAI, SCH);5,34;0;0;2,31
SEG23;separately(2013);global(ALB, HAI, SCH);0;1,92;3,46;2,32
SEG24;separately(2013);global(ALB, HAI, SCH);0;0,96;0;0,98
SEG25;separately(2013);global(ALB, HAI, SCH);0;1,92;0;1,39
SEG26;separately(2013);global(ALB, HAI, SCH);0;1,92;3,46;2,32
SEG27;separately(2013);global(ALB, HAI, SCH);0;0,96;0;0,98
SEG28;separately(2013);global(ALB, HAI, SCH);0;1,92;0;1,39
SEG29;separately(2013);global(ALB, HAI, SCH);0;0,96;0;0,98
SEG30;separately(2013);global(ALB, HAI, SCH);0;1,92;0;1,39
SEG31;separately(2013);global(ALB, HAI, SCH);0;1,92;0;1,39
SEG32;separately(2013);global(ALB, HAI, SCH);0;1,92;0;1,39
SEG33;separately(2013);global(ALB, HAI, SCH);2,2;0;0;1,48
SEG34;separately(2013);global(ALB, HAI, SCH);1,29;0;0;1,13
SEG35;separately(2013);global(ALB, HAI, SCH);0,54;1,92;0;1,57
SEG36;separately(2013);global(ALB, HAI, SCH);1,77;0;0;1,33
SEG37;separately(2013);global(ALB, HAI, SCH);3,79;0;0;1,95
SEG38;separately(2013);global(ALB, HAI, SCH);1,22;0,96;0;1,48
SEG39;separately(2013);global(ALB, HAI, SCH);0,87;0;0;0,93
SEG40;separately(2013);global(ALB, HAI, SCH);3,14;0;0;1,77
SEG41;separately(2013);global(ALB, HAI, SCH);3,88;0;0;1,97
SEG42;separately(2013);global(ALB, HAI, SCH);5,9;0;1,4;2,7
SEG43;separately(2013);global(ALB, HAI, SCH);0;0;0,9;0,95
SEG44;separately(2013);global(ALB, HAI, SCH);1,81;0;0;1,34
SEG45;separately(2013);global(ALB, HAI, SCH);2,41;0;0;1,55
SEG46;separately(2013);global(ALB, HAI, SCH);8;0;0;2,83
SEG47;separately(2013);global(ALB, HAI, SCH);2,6;0;0;1,61
SEG48;separately(2013);global(ALB, HAI, SCH);2,92;0;0;1,71
SEG49;separately(2013);global(ALB, HAI, SCH);1,39;0;0;1,18
SEG50;separately(2013);global(ALB, HAI, SCH);0,92;0;0;0,96
HEG01;separately(2014);global(ALB, HAI, SCH);0,49;2,71;5,23;2,9
HEG02;separately(2014);global(ALB, HAI, SCH);0,17;0,9;0;1,04
HEG03;separately(2014);global(ALB, HAI, SCH);0,33;3,61;5,23;3,03
HEG04;separately(2014);global(ALB, HAI, SCH);0;2,71;10,77;3,67
HEG05;separately(2014);global(ALB, HAI, SCH);0,78;1,81;3,33;2,43
HEG06;separately(2014);global(ALB, HAI, SCH);0,26;2,71;2,25;2,29
HEG07;separately(2014);global(ALB, HAI, SCH);1,72;0;0;1,31
HEG08;separately(2014);global(ALB, HAI, SCH);1,72;0;0;1,31
HEG09;separately(2014);global(ALB, HAI, SCH);0,85;0;0;0,92
HEG10;separately(2014);global(ALB, HAI, SCH);0,35;1,81;0;1,47
HEG11;separately(2014);global(ALB, HAI, SCH);0,33;0,9;0;1,11
HEG12;separately(2014);global(ALB, HAI, SCH);12,03;0,9;1,94;3,86
HEG13;separately(2014);global(ALB, HAI, SCH);0,23;1,81;0;1,43
HEG14;separately(2014);global(ALB, HAI, SCH);0,21;1,81;2,32;2,08
HEG15;separately(2014);global(ALB, HAI, SCH);0,31;0,9;3,33;2,13
HEG16;separately(2014);global(ALB, HAI, SCH);1,08;0;0;1,04
HEG17;separately(2014);global(ALB, HAI, SCH);0,79;0;0;0,89
HEG18;separately(2014);global(ALB, HAI, SCH);0,32;0;0;0,57
HEG19;separately(2014);global(ALB, HAI, SCH);0,79;0;0;0,89
HEG20;separately(2014);global(ALB, HAI, SCH);1,16;0;0;1,08
HEG21;separately(2014);global(ALB, HAI, SCH);0,33;0;0;0,57
HEG22;separately(2014);global(ALB, HAI, SCH);0,12;1,81;2,5;2,1
HEG23;separately(2014);global(ALB, HAI, SCH);0;0,9;0;0,95
HEG24;separately(2014);global(ALB, HAI, SCH);0,51;0,9;0;1,19
HEG25;separately(2014);global(ALB, HAI, SCH);0,34;0,9;0;1,11
HEG26;separately(2014);global(ALB, HAI, SCH);0;0,9;3,44;2,08
HEG27;separately(2014);global(ALB, HAI, SCH);0;1,81;1,94;1,93
HEG28;separately(2014);global(ALB, HAI, SCH);0;1,81;0;1,34
HEG29;separately(2014);global(ALB, HAI, SCH);0,39;1,81;0;1,48
HEG30;separately(2014);global(ALB, HAI, SCH);0,48;1,81;3,1;2,32
HEG31;separately(2014);global(ALB, HAI, SCH);0,76;1,81;1,94;2,12
HEG32;separately(2014);global(ALB, HAI, SCH);0,75;0,9;1,94;1,9
HEG33;separately(2014);global(ALB, HAI, SCH);1,55;0,9;0;1,57
HEG34;separately(2014);global(ALB, HAI, SCH);0,26;2,71;3,07;2,46
HEG35;separately(2014);global(ALB, HAI, SCH);4,58;0,9;3,41;2,98
HEG36;separately(2014);global(ALB, HAI, SCH);0;2,71;5,66;2,89
HEG37;separately(2014);global(ALB, HAI, SCH);0,43;1,81;5,69;2,82
HEG38;separately(2014);global(ALB, HAI, SCH);4,32;0;0;2,08
HEG39;separately(2014);global(ALB, HAI, SCH);1,65;0;0;1,28
HEG40;separately(2014);global(ALB, HAI, SCH);2,47;0;0;1,57
HEG41;separately(2014);global(ALB, HAI, SCH);1,16;0;0;1,08
HEG42;separately(2014);global(ALB, HAI, SCH);1,08;0;0;1,04
HEG43;separately(2014);global(ALB, HAI, SCH);0,68;0;0;0,82
HEG44;separately(2014);global(ALB, HAI, SCH);1,07;0,9;0;1,41
HEG45;separately(2014);global(ALB, HAI, SCH);0,43;0;0;0,65
HEG46;separately(2014);global(ALB, HAI, SCH);0,49;0,9;0;1,18
HEG47;separately(2014);global(ALB, HAI, SCH);0,52;0,9;3,44;2,21
HEG48;separately(2014);global(ALB, HAI, SCH);0;1,81;3,44;2,29
HEG49;separately(2014);global(ALB, HAI, SCH);0;1,81;3,44;2,29
HEG50;separately(2014);global(ALB, HAI, SCH);0,22;0,9;0;1,06
SEG01;separately(2014);global(ALB, HAI, SCH);0;0,9;0;0,95
SEG02;separately(2014);global(ALB, HAI, SCH);0,93;0,9;0;1,35
SEG03;separately(2014);global(ALB, HAI, SCH);0,98;0,9;0;1,37
SEG04;separately(2014);global(ALB, HAI, SCH);0,62;0,9;0;1,24
SEG05;separately(2014);global(ALB, HAI, SCH);0;0;0;0
SEG06;separately(2014);global(ALB, HAI, SCH);1,94;0;0;1,39
SEG07;separately(2014);global(ALB, HAI, SCH);1,45;0;0;1,21
SEG08;separately(2014);global(ALB, HAI, SCH);3,31;0;3,87;2,68
SEG09;separately(2014);global(ALB, HAI, SCH);3,72;0,9;0;2,15
SEG10;separately(2014);global(ALB, HAI, SCH);0,98;0,9;0;1,37
SEG11;separately(2014);global(ALB, HAI, SCH);0,98;0;0;0,99
SEG12;separately(2014);global(ALB, HAI, SCH);0;0,9;0;0,95
SEG13;separately(2014);global(ALB, HAI, SCH);0,18;0,9;0;1,04
SEG14;separately(2014);global(ALB, HAI, SCH);0,77;0,9;0;1,29
SEG15;separately(2014);global(ALB, HAI, SCH);0;0,9;0;0,95
SEG16;separately(2014);global(ALB, HAI, SCH);0;0,9;0;0,95
SEG17;separately(2014);global(ALB, HAI, SCH);0,26;0,9;0;1,08
SEG18;separately(2014);global(ALB, HAI, SCH);0;1,81;0;1,34
SEG19;separately(2014);global(ALB, HAI, SCH);0,52;1,81;0;1,53
SEG20;separately(2014);global(ALB, HAI, SCH);3,67;0;0;1,92
SEG21;separately(2014);global(ALB, HAI, SCH);2,11;0,9;0;1,74
SEG22;separately(2014);global(ALB, HAI, SCH);2,89;0;0;1,7
SEG23;separately(2014);global(ALB, HAI, SCH);0;1,81;3,87;2,38
SEG24;separately(2014);global(ALB, HAI, SCH);0;0,9;0;0,95
SEG25;separately(2014);global(ALB, HAI, SCH);0;1,81;0;1,34
SEG26;separately(2014);global(ALB, HAI, SCH);0;1,81;3,87;2,38
SEG27;separately(2014);global(ALB, HAI, SCH);0;0,9;0;0,95
SEG28;separately(2014);global(ALB, HAI, SCH);0;0,9;0;0,95
SEG29;separately(2014);global(ALB, HAI, SCH);0;0,9;0;0,95
SEG30;separately(2014);global(ALB, HAI, SCH);0;1,81;0;1,34
SEG31;separately(2014);global(ALB, HAI, SCH);0;1,81;0;1,34
SEG32;separately(2014);global(ALB, HAI, SCH);0;1,81;0;1,34
SEG33;separately(2014);global(ALB, HAI, SCH);3,58;0;0;1,89
SEG34;separately(2014);global(ALB, HAI, SCH);1,65;0,9;0;1,6
SEG35;separately(2014);global(ALB, HAI, SCH);0,67;0,9;0;1,26
SEG36;separately(2014);global(ALB, HAI, SCH);1,67;0;0;1,29
SEG37;separately(2014);global(ALB, HAI, SCH);2,14;0;0;1,46
SEG38;separately(2014);global(ALB, HAI, SCH);1,98;0,9;0;1,7
SEG39;separately(2014);global(ALB, HAI, SCH);0,89;0,9;0;1,34
SEG40;separately(2014);global(ALB, HAI, SCH);4,05;0;0;2,01
SEG41;separately(2014);global(ALB, HAI, SCH);3,12;0;0;1,77
SEG42;separately(2014);global(ALB, HAI, SCH);3,15;0;0,92;2,02
SEG43;separately(2014);global(ALB, HAI, SCH);1,85;0;1,13;1,73
SEG44;separately(2014);global(ALB, HAI, SCH);3,95;0;0,92;2,21
SEG45;separately(2014);global(ALB, HAI, SCH);2,17;0;0;1,47
SEG46;separately(2014);global(ALB, HAI, SCH);3,14;0;0;1,77
SEG47;separately(2014);global(ALB, HAI, SCH);2,54;0;0;1,59
SEG48;separately(2014);global(ALB, HAI, SCH);3,62;0;0;1,9
SEG49;separately(2014);global(ALB, HAI, SCH);2,43;0;0;1,56
SEG50;separately(2014);global(ALB, HAI, SCH);2,3;0;0;1,52
AEG01;separately(2014);global(ALB, HAI, SCH);0;2,71;3,16;2,42
AEG02;separately(2014);global(ALB, HAI, SCH);0;2,71;9,69;3,52
AEG03;separately(2014);global(ALB, HAI, SCH);0,09;1,81;0;1,38
AEG04;separately(2014);global(ALB, HAI, SCH);0,97;0,9;1,29;1,78
AEG05;separately(2014);global(ALB, HAI, SCH);0,94;0,9;2,19;2,01
AEG06;separately(2014);global(ALB, HAI, SCH);2,74;0,9;1,55;2,28
AEG07;separately(2014);global(ALB, HAI, SCH);0,18;0;0;0,42
AEG08;separately(2014);global(ALB, HAI, SCH);0,47;0,9;0;1,17
AEG09;separately(2014);global(ALB, HAI, SCH);0,52;0;0;0,72
AEG10;separately(2014);global(ALB, HAI, SCH);0;0;0;0
AEG11;separately(2014);global(ALB, HAI, SCH);0;3,61;1,36;2,23
AEG12;separately(2014);global(ALB, HAI, SCH);0;2,71;1,55;2,06
AEG13;separately(2014);global(ALB, HAI, SCH);0;2,71;2,84;2,35
AEG14;separately(2014);global(ALB, HAI, SCH);0;1,81;3,68;2,34
AEG15;separately(2014);global(ALB, HAI, SCH);0;2,71;4,57;2,7
AEG16;separately(2014);global(ALB, HAI, SCH);0,95;0,9;0;1,36
AEG17;separately(2014);global(ALB, HAI, SCH);0;1,81;0,88;1,64
AEG18;separately(2014);global(ALB, HAI, SCH);0;2,71;4,11;2,61
AEG19;separately(2014);global(ALB, HAI, SCH);1,35;0;1,55;1,7
AEG20;separately(2014);global(ALB, HAI, SCH);0,94;0;0;0,97
AEG21;separately(2014);global(ALB, HAI, SCH);3,14;0,9;0,64;2,16
AEG22;separately(2014);global(ALB, HAI, SCH);0,29;0,9;1,25;1,56
AEG23;separately(2014);global(ALB, HAI, SCH);0;1,81;0;1,34
AEG24;separately(2014);global(ALB, HAI, SCH);1,17;2,71;3,15;2,65
AEG25;separately(2014);global(ALB, HAI, SCH);0,31;0;0;0,56
AEG26;separately(2014);global(ALB, HAI, SCH);1,7;0;0;1,3
AEG27;separately(2014);global(ALB, HAI, SCH);1,28;0;0;1,13
AEG28;separately(2014);global(ALB, HAI, SCH);1,42;0;0;1,19
AEG29;separately(2014);global(ALB, HAI, SCH);0,71;0,9;0;1,27
AEG30;separately(2014);global(ALB, HAI, SCH);0,82;1,81;0;1,62
AEG31;separately(2014);global(ALB, HAI, SCH);0,79;0,9;0;1,3
AEG32;separately(2014);global(ALB, HAI, SCH);0,63;0;0;0,79
AEG33;separately(2014);global(ALB, HAI, SCH);1,12;0;0;1,06
AEG34;separately(2014);global(ALB, HAI, SCH);1,47;0,9;0;1,54
AEG35;separately(2014);global(ALB, HAI, SCH);0;2,71;3,23;2,44
AEG36;separately(2014);global(ALB, HAI, SCH);0;2,71;3,23;2,44
AEG37;separately(2014);global(ALB, HAI, SCH);0;1,81;1,55;1,83
AEG38;separately(2014);global(ALB, HAI, SCH);0;1,81;0;1,34
AEG39;separately(2014);global(ALB, HAI, SCH);0;1,81;1,55;1,83
AEG40;separately(2014);global(ALB, HAI, SCH);0;1,81;1,16;1,72
AEG42;separately(2014);global(ALB, HAI, SCH);0;2,71;1,88;2,14
AEG43;separately(2014);global(ALB, HAI, SCH);0;1,81;0;1,34
AEG44;separately(2014);global(ALB, HAI, SCH);1,77;0;0;1,33
AEG45;separately(2014);global(ALB, HAI, SCH);0;1,81;0,64;1,56
AEG46;separately(2014);global(ALB, HAI, SCH);2,19;0;0;1,48
AEG47;separately(2014);global(ALB, HAI, SCH);0,7;0;0;0,84
AEG48;separately(2014);global(ALB, HAI, SCH);0,49;0;0;0,7
AEG49;separately(2014);global(ALB, HAI, SCH);1,18;0;0;1,09
AEG50;separately(2014);global(ALB, HAI, SCH);0;1,81;0,32;1,46
