Explo;EP_Plotid;initial_landuse_type;2006;2007;2008;2009;2010;2011;2012;new_landuse_type;notes
ALB;AEG01;Meadow_fertilised;Meadow_fertilised;Meadow_fertilised;Meadow_fertilised;Meadow_fertilised;Meadow_fertilised;Meadow_fertilised;Meadow_fertilised;Meadow_fertilised;
ALB;AEG02;Meadow_fertilised;Meadow_fertilised;Meadow_fertilised;Meadow_fertilised;Meadow_fertilised;Meadow_fertilised;Meadow_fertilised;Meadow_fertilised;Meadow_fertilised;
ALB;AEG03;Meadow_fertilised;Meadow_fertilised;Meadow_fertilised;Meadow_fertilised;Meadow_fertilised;Meadow_fertilised;Meadow_fertilised;Mown pasture_sheep_unfertilised;Mown pasture_sheep_fertilised;
ALB;AEG04;Mown pasture_cattle_horse_fertilised;Mown pasture_cattle_horse_fertilised;Mown pasture_cattle_horse_fertilised;Mown pasture_cattle_horse_fertilised;Mown pasture_cattle_fertilised;Mown pasture_cattle_fertilised;Mown pasture_cattle_fertilised;Mown pasture_cattle_fertilised;Mown pasture_cattle_fertilised;
ALB;AEG05;Mown pasture_cattle_horse_fertilised;Mown pasture_cattle_horse_fertilised;Mown pasture_cattle_horse_fertilised;Mown pasture_cattle_horse_fertilised;Mown pasture_cattle_fertilised;Mown pasture_cattle_horse_fertilised;Mown pasture_cattle_horse_fertilised;Mown pasture_cattle_horse_fertilised;Mown pasture_cattle_horse_fertilised;
ALB;AEG06;Mown pasture_cattle_horse_fertilised;Mown pasture_cattle_horse_fertilised;Mown pasture_cattle_horse_fertilised;Mown pasture_cattle_horse_fertilised;Mown pasture_horse_cattle_fertilised;Mown pasture_cattle_horse_fertilised;Mown pasture_cattle_horse_fertilised;Mown pasture_horse_cattle_fertilised;Mown pasture_cattle_horse_fertilised;
ALB;AEG07;Pasture_sheep_unfertilised;Pasture_sheep_unfertilised;Pasture_sheep_unfertilised;Pasture_sheep_unfertilised;Pasture_sheep_unfertilised;Pasture_sheep_unfertilised;Pasturesheep_sheep_unfertilised;Pasture_sheep_unfertilised;Pasture_sheep_unfertilised;
ALB;AEG08;Pasture_sheep_unfertilised;Pasture_sheep_unfertilised;Pasture_sheep_unfertilised;Pasture_sheep_unfertilised;Pasture_sheep_unfertilised;Pasture_sheep_unfertilised;Mown pasture_sheep_unfertilised;Mown pasture_sheep_unfertilised;Mown pasture_sheep_unfertilised;
ALB;AEG09;Pasture_sheep_unfertilised;Pasture_sheep_unfertilised;Pasture_sheep_unfertilised;Pasture_sheep_unfertilised;Pasture_sheep_unfertilised;Pasture_sheep_unfertilised;Pasturesheep_sheep_unfertilised;Pasture_sheep_unfertilised;Pasture_sheep_unfertilised;
ALB;AEG10;Meadow_unfertilised;Meadow_unfertilised;Meadow_unfertilised;Meadow_unfertilised;Meadow_unfertilised;Meadow_unfertilised;Meadow_unfertilised;Meadow_unfertilised;Meadow_unfertilised;
ALB;AEG11;Meadow_fertilised;Meadow_fertilised;Meadow_fertilised;Meadow_fertilised;Meadow_fertilised;Meadow_fertilised;Meadow_fertilised;Meadow_fertilised;Meadow_fertilised;
ALB;AEG12;Meadow_fertilised;Meadow_fertilised;Meadow_fertilised;Meadow_fertilised;Meadow_fertilised;Meadow_fertilised;Meadow_fertilised;Meadow_fertilised;Meadow_fertilised;
ALB;AEG13;Meadow_fertilised;Meadow_fertilised;Meadow_fertilised;Meadow_fertilised;Meadow_fertilised;Meadow_fertilised;Meadow_fertilised;Meadow_fertilised;Meadow_fertilised;
ALB;AEG14;Meadow_fertilised;Meadow_fertilised;Meadow_fertilised;Meadow_fertilised;Meadow_fertilised;Meadow_fertilised;Meadow_fertilised;Meadow_fertilised;Meadow_fertilised;
ALB;AEG15;Meadow_fertilised;Meadow_fertilised;Meadow_fertilised;Meadow_fertilised;Meadow_fertilised;Meadow_fertilised;Meadow_fertilised;Meadow_fertilised;Meadow_fertilised;
ALB;AEG16;Pasture_cattle_unfertilised;Mown pasture_cattle_fertilised;Mown pasture_cattle_fertilised;Mown pasture_cattle_fertilised;Mown pasture_cattle_fertilised;Mown pasture_cattle_horse_fertilised;Mown pasture_cattle_chorse_fertilised;Mown pasture_cattle_fertilised;Mown pasture_cattle_fertilised;
ALB;AEG17;Meadow_fertilised;Meadow_fertilised;Meadow_fertilised;Meadow_fertilised;Meadow_fertilised;Meadow_fertilised;Meadow_fertilised;Meadow_fertilised;Meadow_fertilised;
ALB;AEG18;Meadow_fertilised;Meadow_fertilised;Meadow_fertilised;Meadow_fertilised;Meadow_fertilised;Meadow_fertilised;Meadow_fertilised;Meadow_fertilised;Meadow_fertilised;
ALB;AEG19;Mown pasture_cattle_horse_fertilised;Mown pasture_cattle_horse_fertilised;Mown pasture_cattle_horse_fertilised;Mown pasture_cattle_horse_fertilised;Mown pasture_horse_cattle_fertilised;Mown pasture_horse_cattle_fertilised;Mown pasture_horse_cattle_fertilised;Mown pasture_horse_cattle_fertilised;Mown pasture_cattle_horse_fertilised;
ALB;AEG20;Pasture_cattle_horse_fertilised;Pasture_cattle_horse_fertilised;Pasture_cattle_horse_fertilised;Pasture_cattle_horse_fertilised;Pasture_cattle_unfertilised;Pasture_cattle_unfertilised;Pasture_cattle_unfertilised;Pasture_cattle_unfertilised;Pasture_cattle_fertilised;
ALB;AEG21;Pasture_cattle_horse_fertilised;Pasture_cattle_horse_fertilised;Pasture_cattle_horse_fertilised;Pasture_cattle_horse_fertilised;Pasture_cattle_fertilised;Mown pasture_cattle_fertilised;Mown pasture_cattle_fertilised;Mown pasture_cattle_hors_fertilised;Mown pasture_cattle_horse_fertilised;
ALB;AEG22;Once mown meadow_unfertilised;Mown pasture_sheep_unfertilised;Meadow_unfertilised;Meadow_unfertilised;Meadow_sheep_unfertilised;Meadow_sheep_unfertilised;Mown pasture_sheep_unfertilised;Mown pasture_sheep_unfertilised;Mown pasture_sheep_unfertilised;
ALB;AEG23;Meadow_unfertilised;Meadow_unfertilised;Meadow_unfertilised;Meadow_unfertilised;Meadow_unfertilised;Meadow_unfertilised;Meadow_fertilised;Meadow_fertilised;Meadow_fertilised;
ALB;AEG24;Mown pasture_sheep_fertilised;Mown pasture_sheep_fertilised;Mown pasture_sheep_fertilised;Mown pasture_sheep_fertilised;Mown pasture_sheep_fertilised;Mown pasture_sheep_fertilised;Mown pasture_sheep_fertilised;Mown pasture_sheep_fertilised;Mown pasture_sheep_fertilised;
ALB;AEG25;Pasture_sheep_unfertilised;Pasture_sheep_unfertilised;Pasture_sheep_unfertilised;Pasture_sheep_unfertilised;Pasture_sheep_unfertilised;Pasture_sheep_unfertilised;Pasture_sheep_unfertilised;Pasture_sheep_unfertilised;Pasture_sheep_unfertilised;
ALB;AEG26;Pasture_sheep_unfertilised;Pasture_sheep_unfertilised;Pasture_sheep_unfertilised;Pasture_sheep_unfertilised;Pasture_sheep_unfertilised;Pasture_sheep_unfertilised;Pasture_sheep_unfertilised;Pasture_sheep_unfertilised;Pasture_sheep_unfertilised;
ALB;AEG27;Pasture_sheep_unfertilised;Pasture_sheep_unfertilised;Pasture_sheep_unfertilised;Pasture_sheep_unfertilised;Pasture_sheep_unfertilised;Pasture_sheep_unfertilised;Pasture_sheep_unfertilised;Pasture_sheep_unfertilised;Pasture_sheep_unfertilised;
ALB;AEG28;Pasture_sheep_unfertilised;Pasture_sheep_unfertilised;Pasture_sheep_unfertilised;Pasture_sheep_unfertilised;Pasture_sheep_unfertilised;Pasture_sheep_unfertilised;Pasture_sheep_unfertilised;Pasture_sheep_unfertilised;Pasture_sheep_unfertilised;
ALB;AEG29;Mown pasture_cattle_fertilised;Mown pasture_cattle_fertilised;Mown pasture_cattle_fertilised;Mown pasture_cattle_fertilised;Mown pasture_cattle_fertilised;Mown pasture_cattle_fertilised;Mown pasture_cattle_fertilised;Mown pasture_cattle_unfertilised;Mown pasture_cattle_fertilised;
ALB;AEG30;Mown pasture_sheep_unfertilised;Pasture_sheep_unfertilised;Pasture_sheep_unfertilised;Pasture_sheep_unfertilised;Pasture_sheep_unfertilised;Mown pasture_sheep_unfertilised;Mown pasture_sheep_unfertilised;Mown pasture_sheep_unfertilised;Mown pasture_sheep_unfertilised;
ALB;AEG31;Mown pasture_sheep_unfertilised;Pasture_sheep_unfertilised;Pasture_sheep_unfertilised;Pasture_sheep_unfertilised;Pasture_sheep_unfertilised;Mown pasture_sheep_unfertilised;Pasture_sheep_unfertilised;Mown pasture_sheep_unfertilised;Mown pasture_sheep_unfertilised;
ALB;AEG32;Pasture_sheep_unfertilised;Pasture_sheep_unfertilised;Pasture_sheep_unfertilised;Pasture_sheep_unfertilised;Pasture_sheep_unfertilised;Pasture_sheep_unfertilised;Pasture_sheep_unfertilised;Pasture_sheep_unfertilised;Pasture_sheep_unfertilised;
ALB;AEG33;Pasture_sheep_unfertilised;Pasture_sheep_unfertilised;Pasture_sheep_unfertilised;Pasture_sheep_unfertilised;Pasture_sheep_unfertilised;Pasture_sheep_unfertilised;Pasture_sheep_unfertilised;Pasture_sheep_unfertilised;Pasture_sheep_unfertilised;
ALB;AEG34;Pasture_sheep_unfertilised;Pasture_sheep_unfertilised;Pasture_sheep_unfertilised;Pasture_sheep_unfertilised;Pasture_sheep_unfertilised;Pasture_sheep_unfertilised;Mown pasture_sheep_unfertilised;Mown pasture_sheep_unfertilised;Mown pasture_sheep_unfertilised;
ALB;AEG35;Meadow_fertilised;Meadow_fertilised;Meadow_fertilised;Meadow_fertilised;Meadow_fertilised;Meadow_fertilised;Meadow_fertilised;Meadow_fertilised;Meadow_fertilised;
ALB;AEG36;Meadow_fertilised;Meadow_fertilised;Meadow_fertilised;Meadow_fertilised;Meadow_fertilised;Meadow_fertilised;Meadow_fertilised;Mown pasture_sheep_fertilised;Mown pasture_sheep_fertilised;
ALB;AEG37;Meadow_fertilised;Meadow_fertilised;Meadow_fertilised;Meadow_fertilised;Meadow_fertilised;Meadow_fertilised;Meadow_fertilised;Mown pasture_sheep_fertilised;Mown pasture_sheep_fertilised;
ALB;AEG38;Meadow_fertilised;Meadow_fertilised;Meadow_unfertilised;Meadow_unfertilised;Meadow_unfertilised;Meadow_unfertilised;Meadow_fertilised;Meadow_unfertilised;Meadow_fertilised;
ALB;AEG39;Meadow_fertilised;Meadow_fertilised;Meadow_fertilised;Meadow_fertilised;Meadow_fertilised;Meadow_fertilised;Meadow_fertilised;Meadow_fertilised;Meadow_fertilised;
ALB;AEG40;Meadow_fertilised;Meadow_fertilised;Meadow_fertilised;Meadow_fertilised;Meadow_fertilised;Meadow_fertilised;Meadow_fertilised;Meadow_fertilised;Meadow_fertilised;
ALB;AEG41;Meadow_fertilised;Meadow_fertilised;Meadow_fertilised;Meadow_fertilised;Meadow_fertilised;Mown pasture_sheep_fertilised;Meadow_fertilised;Mown pasture_sheep_fertilised;Mown pasture_sheep_fertilised;
ALB;AEG42;Mown pasture_cattle_fertilised;Mown pasture_cattle_fertilised;Mown pasture_cattle_fertilised;Mown pasture_cattle_fertilised;Mown pasture_cattle_fertilised;Mown pasture_cattle_fertilised;Mown pasture_cattle_fertilised;Mown pasture_cattle_fertilised;Mown pasture_cattle_fertilised;
ALB;AEG43;Mown pasture_sheep_fertilised;Mown pasture_sheep_fertilised;Mown pasture_sheep_fertilised;Mown pasture_sheep_fertilised;Mown pasture_sheep_fertilised;Pasture_sheep_fertilised;Mown pasture_sheep_unfertilised;Pasture_sheep_unfertilised;Mown pasture_sheep_fertilised;
ALB;AEG44;Pasture_cattle_horse_fertilised;Pasture_cattle_horse_unfertilised;Pasture_cattle_horse_unfertilised;Pasture_cattle_horse_unfertilised;Pasture_cattle_unfertilised;Pasture_cattle_unfertilised;Pasture_cattle_unfertilised;Pasture_cattle_unfertilised;Pasture_cattle_fertilised;
ALB;AEG45;Meadow_unfertilised;Meadow_unfertilised;Meadow_unfertilised;Meadow_unfertilised;Meadow_unfertilised;Meadow_unfertilised;Meadow_unfertilised;Meadow_unfertilised;Meadow_unfertilised;
ALB;AEG46;Pasture_cattle_unfertilised;Pasture_cattle_unfertilised;Pasture_cattle_unfertilised;Pasture_cattle_unfertilised;Pasture_cattle_unfertilised;Pasture_cattle_unfertilised;Pasture_cattle_unfertilised;Pasture_cattle_unfertilised;Pasture_cattle_unfertilised;
ALB;AEG47;Pasture_sheep_unfertilised;Pasture_sheep_unfertilised;Pasture_sheep_unfertilised;Pasture_sheep_unfertilised;Pasture_sheep_unfertilised;Pasture_sheep_unfertilised;Pasture_sheep_unfertilised;Pasture_sheep_unfertilised;Pasture_sheep_unfertilised;
ALB;AEG48;Pasture_sheep_unfertilised;Pasture_sheep_unfertilised;Pasture_sheep_unfertilised;Pasture_sheep_unfertilised;Pasture_sheep_unfertilised;Pasture_sheep_unfertilised;Pasture_sheep_unfertilised;Pasture_sheep_unfertilised;Pasture_sheep_unfertilised;
ALB;AEG49;Pasture_sheep_unfertilised;Pasture_sheep_unfertilised;Pasture_sheep_unfertilised;Pasture_sheep_unfertilised;Pasture_sheep_unfertilised;Pasture_sheep_unfertilised;Pasture_sheep_unfertilised;Pasture_sheep_unfertilised;Pasture_sheep_unfertilised;
ALB;AEG50;Meadow_unfertilised;Meadow_fertilised;Meadow_fertilised;Meadow_fertilised;Meadow_fertilised;Meadow_fertilised;Meadow_fertilised;Meadow_fertilised;Meadow_fertilised;
HAI;HEG01;Meadow_fertilised;Meadow_fertilised;Mown pasture_sheep_fertilised;Mown pasture_sheep_fertilised;Meadow_fertilised;Meadow_fertilised;Meadow_fertilised;Mown pasture_sheep_fertilised;Mown pasture_sheep_fertilised;
HAI;HEG02;Meadow_fertilised;Meadow_fertilised;Mown pasture_sheep_fertilised;Meadow_fertilised;Mown pasture_sheep_fertilised;Meadow_fertilised;Mown pasture_sheep_fertilised;Mown pasture_sheep_fertilised;Mown pasture_sheep_fertilised;
HAI;HEG03;Meadow_fertilised;Meadow_fertilised;Mown pasture_sheep_fertilised;Meadow_fertilised;Mown pasture_sheep_fertilised;Meadow_fertilised;Mown pasture_sheep_fertilised;Mown pasture_sheep_fertilised;Mown pasture_sheep_fertilised;
HAI;HEG04;Mown pasture_cattle_fertilised;Mown pasture_cattle_fertilised;Mown pasture_cattle_???;Mown pasture_cattle_???;Mown pasture_cattle_fertilised;Mown pasture_cattle_fertilised;Mown pasture_cattle_fertilised;Mown pasture_cattle_unfertilised;Mown pasture_cattle_fertilised;sometimes no informations about used fertiliser
HAI;HEG05;Mown pasture_cattle_fertilised;Mown pasture_cattle_fertilised;Mown pasture_cattle_fertilised;Mown pasture_cattle_fertilised;Mown pasture_cattle_fertilised;Mown pasture_cattle_fertilised;Mown pasture_cattle_fertilised;Mown pasture_cattle_fertilised;Mown pasture_cattle_fertilised;
HAI;HEG06;Mown pasture_cattle_fertilised;Mown pasture_cattle_fertilised;Mown pasture_cattle_fertilised;Mown pasture_cattle_fertilised;Mown pasture_cattle_fertilised;Mown pasture_cattle_fertilised;Mown pasture_cattle_unfertilised;Mown pasture_cattle_unfertilised;Mown pasture_cattle_fertilised;
HAI;HEG07;Pasture_cattle_unfertilised;Pasture_cattle_unfertilised;Pasture_cattle_unfertilised;Pasture_cattle_unfertilised;Pasture_cattle_unfertilised;Pasture_cattle_unfertilised;Mown pasture_cattle_unfertilised;Pasture_cattle_unfertilised;Mown pasture_cattle_unfertilised;
HAI;HEG08;Pasture_cattle_unfertilised;Pasture_cattle_unfertilised;Pasture_cattle_unfertilised;Pasture_cattle_unfertilised;Pasture_cattle_unfertilised;Pasture_cattle_unfertilised;Pasture_cattle_unfertilised;Pasture_cattle_unfertilised;Pasture_cattle_unfertilised;
HAI;HEG09;Pasture_cattle_unfertilised;Pasture_cattle_unfertilised;Pasture_cattle_unfertilised;Pasture_cattle_unfertilised;Pasture_cattle_unfertilised;Pasture_cattle_unfertilised;Pasture_cattle_cattle_unfertilised;Pasture_cattle_unfertilised;Pasture_cattle_unfertilised;
HAI;HEG10;Meadow_fertilised;Meadow_fertilised;Meadow_unfertilised;Meadow_unfertilised;Meadow_unfertilised;Mown pasture_sheep_fertilised;Mown pasture_sheep_unfertilised;Mown pasture_sheep_unfertilised;Mown pasture_sheep_fertilised;
HAI;HEG11;Meadow_fertilised;Meadow_fertilised;Meadow_unfertilised;Meadow_unfertilised;Meadow_unfertilised;Mown pasture_sheep_fertilised;Mown pasture_sheep_unfertilised;Meadow_unfertilised;Mown pasture_fertilised;
HAI;HEG12;Mown pasture_cattle_fertilised;Mown pasture_cattle_fertilised;Pasture_cattle_fertilised;Pasture_cattle_fertilised;Pasture_cattle_fertilised;Pasture_cattle_fertilised;Pasture_cattle_unfertilised;Pasture_cattle_unfertilised;Pasture_cattle_fertilised;
HAI;HEG13;Mown pasture_cattle_fertilised;Mown pasture_cattle_unfertilised;Mown pasture_cattle_unfertilised;Mown pasture_cattle_unfertilised;Mown pasture_cattle_unfertilised;Mown pasture_cattle_unfertilised;Mown pasture_cattle_unfertilised;Mown pasture_cattle_unfertilised;Mown pasture_cattle_unfertilised;
HAI;HEG14;Mown pasture_sheep_fertilised;Mown pasture_sheep_fertilised;Mown pasture_sheep_fertilised;Mown pasture_sheep_fertilised;Mown pasture_sheep_fertilised;Mown pasture_sheep_fertilised;Meadow_fertilised;Mown pasture_sheep_fertilised;Mown pasture_sheep_fertilised;
HAI;HEG15;Mown pasture_sheep_fertilised;Mown pasture_sheep_fertilised;Mown pasture_sheep_fertilised;Mown pasture_sheep_fertilised;Mown pasture_sheep_fertilised;Mown pasture_sheep_fertilised;Mown pasture_sheep_fertilised;Mown pasture_sheep_fertilised;Mown pasture_sheep_fertilised;
HAI;HEG16;Pasture_sheep_unfertilised;Pasture_sheep_unfertilised;Pasture_sheep_unfertilised;Pasture_sheep_unfertilised;Pasture_sheep_unfertilised;Pasture_sheep_unfertilised;Pasture_sheep_unfertilised;Pasture_sheep_unfertilised;Pasture_sheep_unfertilised;
HAI;HEG17;Pasture_sheep_unfertilised;Pasture_sheep_unfertilised;Pasture_sheep_unfertilised;Pasture_sheep_unfertilised;Pasture_sheep_unfertilised;Pasture_sheep_unfertilised;Pasture_sheep_unfertilised;Pasture_sheep_unfertilised;Pasture_sheep_unfertilised;
HAI;HEG18;Pasture_sheep_unfertilised;Pasture_sheep_unfertilised;Pasture_sheep_unfertilised;Pasture_sheep_unfertilised;Pasture_sheep_unfertilised;Pasture_sheep_unfertilised;Pasture_sheep_unfertilised;Pasture_sheep_unfertilised;Pasture_sheep_unfertilised;
HAI;HEG19;Pasture_sheep_unfertilised;Pasture_sheep_unfertilised;Pasture_sheep_unfertilised;Pasture_sheep_unfertilised;Pasture_sheep_unfertilised;Pasture_sheep_unfertilised;Pasture_sheep_unfertilised;Pasture_sheep_unfertilised;Pasture_sheep_unfertilised;
HAI;HEG20;Pasture_sheep_unfertilised;Pasture_sheep_unfertilised;Pasture_sheep_unfertilised;Pasture_sheep_unfertilised;Pasture_sheep_unfertilised;Pasture_sheep_unfertilised;Pasture_sheep_unfertilised;Pasturesheep_unfertilised;Pasture_sheep_unfertilised;
HAI;HEG21;Pasture_sheep_unfertilised;Pasture_sheep_unfertilised;Pasture_sheep_unfertilised;Pasture_sheep_unfertilised;Pasture_sheep_unfertilised;Pasture_sheep_unfertilised;Pasture_sheep_unfertilised;Pasture_sheep_unfertilised;Pasture_sheep_unfertilised;
HAI;HEG22;Mown pasture_sheep_fertilised;Mown pasture_sheep_unfertilised;Mown pasture_sheep_unfertilised;Mown pasture_sheep_unfertilised;Mown pasture_sheep_unfertilised;Mown pasture_sheep_unfertilised;Mown pasture_sheep_unfertilised;Mown pasture_cattle_unfertilised;Mown pasture_cattle_fertilised;
HAI;HEG23;Mown pasture_cattle_unfertilised;Mown pasture_cattle_unfertilised;Mown pasture_cattle_unfertilised;Mown pasture_cattle_unfertilised;Mown pasture_cattle_unfertilised;Mown pasture_cattle_unfertilised;Mown pasture_cattle_unfertilised;Mown pasture_cattle_unfertilised;Mown pasture_cattle_unfertilised;
HAI;HEG24;Mown pasture_cattle_unfertilised;Mown pasture_cattle_unfertilised;Pasture_cattle_unfertilised;Mown pasture_cattle_unfertilised;Mown pasture_cattle_unfertilised;Mown pasture_cattle_unfertilised;Mown pasture_cattle_unfertilised;Mown pasture_cattle_unfertilised;Mown pasture_cattle_unfertilised;
HAI;HEG25;Pasture_sheep_unfertilised;Pasture_sheep_unfertilised;Pasture_sheep_unfertilised;Pasture_sheep_unfertilised;Mown pasture_sheep_unfertilised;Pasture_sheep_unfertilised;Mown pasture_sheep_unfertilised;Mown pasture_sheep_unfertilised;Mown pasture_sheep_unfertilised;
HAI;HEG26;Meadow_fertilised;Meadow_fertilised;Meadow_unfertilised;Meadow_unfertilised;Meadow_unfertilised;Meadow_unfertilised;Meadow_fertilised;Meadow_unfertilised;Meadow_fertilised;
HAI;HEG27;Meadow_fertilised;Meadow_fertilised;Meadow_fertilised;Meadow_fertilised;Meadow_fertilised;Meadow_fertilised;Meadow_fertilised;Meadow_fertilised;Meadow_fertilised;
HAI;HEG28;Meadow_fertilised;Mown pasture_cattle_fertilised;Mown pasture_cattle_???;Meadow_???;Meadow_fertilised;Meadow_fertilised;Meadow_fertilised;Meadow_unfertilised;Mown pasture_fertilised;sometimes no informations about used fertiliser
HAI;HEG29;Meadow_fertilised;Mown pasture_cattle_fertilised;Mown pasture_cattle_???;Mown pasture_cattle_???;Meadow_fertilised;Meadow_fertilised;Meadow_fertilised;Meadow_unfertilised;Mown pasture_fertilised;sometimes no informations about used fertiliser
HAI;HEG30;Meadow_fertilised;Mown pasture_cattle_fertilised;Meadow_fertilised;Meadow_fertilised;Meadow_fertilised;Meadow_fertilised;Meadow_fertilised;Meadow_fertilised;Mown pasture_fertilised;
HAI;HEG31;Mown pasture_cattle_fertilised;Mown pasture_cattle_fertilised;Mown pasture_cattle_fertilised;Mown pasture_cattle_fertilised;Mown pasture_cattle_fertilised;Mown pasture_cattle_fertilised;Mown pasture_cattle_fertilised;Mown pasture_cattle_fertilised;Mown pasture_cattle_fertilised;
HAI;HEG32;Mown pasture_cattle_fertilised;Mown pasture_cattle_fertilised;Mown pasture_cattle_fertilised;Mown pasture_cattle_fertilised;Mown pasture_cattle_fertilised;Mown pasture_cattle_fertilised;Mown pasture_cattle_fertilised;Mown pasture_cattle_fertilised;Mown pasture_cattle_fertilised;
HAI;HEG33;Mown pasture_cattle_fertilised;Pasture_cattle_fertilised;Mown pasture_cattle_???;Mown pasture_cattle_???;Mown pasture_cattle_fertilised;Mown pasture_cattle_fertilised;Mown pasture_cattle_fertilised;Mown pasture_cattle_unfertilised;Mown pasture_cattle_fertilised;sometimes no informations about used fertiliser
HAI;HEG34;Mown pasture_cattle_fertilised;Mown pasture_cattle_fertilised;Mown pasture_cattle_fertilised;Mown pasture_cattle_fertilised;Mown pasture_cattle_fertilised;Mown pasture_cattle_fertilised;Mown pasture_cattle_unfertilised;Mown pasture_cattle_unfertilised;Mown pasture_cattle_fertilised;
HAI;HEG35;Mown pasture_cattle_fertilised;Mown pasture_cattle_fertilised;Mown pasture_cattle_fertilised;Mown pasture_cattle_fertilised;Mown pasture_cattle_fertilised;Mown pasture_cattle_fertilised;Mown pasture_cattle_unfertilised;Mown pasture_cattle_unfertilised;Mown pasture_cattle_fertilised;
HAI;HEG36;Mown pasture_sheep_fertilised;Mown pasture_sheep_fertilised;Mown pasture_sheep_fertilised;Mown pasture_sheep_fertilised;Mown pasture_sheep_fertilised;Mown pasture_sheep_fertilised;Mown pasture_sheep_fertilised;Mown pasture_sheep_fertilised;Mown pasture_sheep_fertilised;
HAI;HEG37;Mown pasture_sheep_fertilised;Mown pasture_sheep_fertilised;Mown pasture_sheep_fertilised;Mown pasture_sheep_fertilised;Mown pasture_sheep_fertilised;Mown pasture_sheep_fertilised;Mown pasture_sheep_fertilised;Mown pasture_sheep_fertilised;Mown pasture_sheep_fertilised;
HAI;HEG38;Pasture_cattle_unfertilised;Pasture_cattle_unfertilised;Pasture_cattle_unfertilised;Pasture_cattle_unfertilised;Mown pasture_cattle_unfertilised;Mown pasture_cattle_unfertilised;Pasture_cattle_unfertilised;Pasture_cattle_unfertilised;Mown pasture_cattle_unfertilised;
HAI;HEG39;Pasture_cattle_unfertilised;Pasture_cattle_unfertilised;Pasture_cattle_unfertilised;Pasture_cattle_unfertilised;Pasture_cattle_unfertilised;Pasture_cattle_unfertilised;Mown pasture_cattle_unfertilised;Mown pasture_cattle_unfertilised;Mown pasture_cattle_unfertilised;
HAI;HEG40;Pasture_cattle_unfertilised;Pasture_cattle_unfertilised;Pasture_cattle_unfertilised;Pasture_cattle_unfertilised;Pasture_cattle_unfertilised;Pasture_cattle_unfertilised;Pasture_cattle_unfertilised;Pasture_cattle_unfertilised;Pasture_cattle_unfertilised;
HAI;HEG41;Pasture_sheep_unfertilised;Pasture_sheep_unfertilised;Pasture_sheep_unfertilised;Pasture_sheep_unfertilised;Pasture_sheep_unfertilised;Pasture_sheep_unfertilised;Pasture_sheep_unfertilised;Pasture_sheep_unfertilised;Pasture_sheep_unfertilised;
HAI;HEG42;Pasture_sheep_unfertilised;Pasture_sheep_unfertilised;Pasture_sheep_unfertilised;Pasture_sheep_unfertilised;Pasture_sheep_unfertilised;Pasture_sheep_unfertilised;Pasture_sheep_unfertilised;Pasture_sheep_unfertilised;Pasture_sheep_unfertilised;
HAI;HEG43;Pasture_sheep_unfertilised;Pasture_sheep_unfertilised;Pasture_sheep_unfertilised;Pasture_sheep_unfertilised;Pasture_sheep_unfertilised;Pasture_sheep_unfertilised;Pasture_sheep_unfertilised;Mown pasture_sheep_unfertilised;Pasture_sheep_unfertilised;
HAI;HEG44;Pasture_sheep_unfertilised;Pasture_sheep_unfertilised;Pasture_sheep_unfertilised;Pasture_sheep_unfertilised;Pasture_sheep_unfertilised;Pasture_sheep_unfertilised;Pasture_sheep_unfertilised;Mown pasture_sheep_unfertilised;Pasture_sheep_unfertilised;
HAI;HEG45;Pasture_sheep_unfertilised;Pasture_sheep_unfertilised;Pasture_sheep_unfertilised;Pasture_sheep_unfertilised;Pasture_sheep_unfertilised;Pasture_sheep_unfertilised;Pasture_sheep_unfertilised;Pasture_sheep_unfertilised;Pasture_sheep_unfertilised;
HAI;HEG46;Pasture_sheep_unfertilised;Pasture_sheep_unfertilised;Pasture_sheep_unfertilised;Pasture_sheep_unfertilised;Pasture_sheep_unfertilised;Pasture_sheep_unfertilised;Pasture_sheep_unfertilised;Pasture_sheep_unfertilised;Pasture_sheep_unfertilised;
HAI;HEG47;Mown pasture_cattle_unfertilised;Mown pasture_cattle_unfertilised;Mown pasture_cattle_unfertilised;Mown pasture_cattle_unfertilised;Mown pasture_cattle_unfertilised;Mown pasture_cattle_unfertilised;Mown pasture_cattle_unfertilised;Mown pasture_cattle_unfertilised;Mown pasture_cattle_unfertilised;
HAI;HEG48;Mown pasture_cattle_unfertilised;Mown pasture_cattle_unfertilised;Pasture_cattle_unfertilised;Mown pasture_cattle_unfertilised;Meadow_unfertilised;Pasture_cattle_unfertilised;Mown pasture_sheep_unfertilised;Mown pasture_sheep_unfertilised;Mown pasture_sheep_unfertilised;
HAI;HEG49;Mown pasture_cattle_unfertilised;Mown pasture_cattle_unfertilised;Pasture_cattle_???;Mown pasture_cattle_fertilised;Meadow_unfertilised;Mown pasture_cattle_unfertilised;Meadow_fertilised;Meadow_unfertilised;Mown pasture_cattle_fertilised;sometimes no informations about used fertiliser
HAI;HEG50;Mown pasture_cattle_unfertilised;Mown pasture_cattle_unfertilised;Mown pasture_cattle_fertilised;Meadow_fertilised;Mown pasture_cattle_unfertilised;Mown pasture_sheep_unfertilised;Mown pasture_sheep_unfertilised;Mown pasture_sheep_unfertilised;Mown pasture_sheep_fertilised;
SCH;SEG01;Meadow_peat soil_fertilised;Meadow_fertilised;Meadow_fertilised;Meadow_fertilised;Meadow_fertilised;Meadow_fertilised;Meadow_fertilised;Meadow_fertilised;Meadow_fertilised;
SCH;SEG02;Meadow_peat soil_fertilised;Meadow_fertilised;Meadow_fertilised;Mown pasture_cattle_fertilised;Mown pasture_cattle_fertilised;Mown pasture_cattle_fertilised;Mown pasture_cattle_fertilised;Mown pasture_cattle_fertilised;Mown pasture_cattle_fertilised;
SCH;SEG03;Meadow_peat soil_fertilised;Meadow_fertilised;Mown pasture_cattle_fertilised;Mown pasture_cattle_fertilised;Mown pasture_cattle_fertilised;Meadow_fertilised;Mown pasture_cattle_fertilised;Meadow_fertilised;Mown pasture_fertilised;
SCH;SEG04;Mown pasture_peat soil_unfertilised;Mown pasture_cattle_unfertilised;Mown pasture_cattle_unfertilised;Meadow_unfertilised;Meadow_unfertilised;Meadow_unfertilised;n/a;Pasture_cattle_unfertilised;Mown pasture_cattle_unfertilised;no information available in 2011 because of restructering of the establishment
SCH;SEG05;Mown pasture_peat soil_unfertilised;Mown pasture_cattle_unfertilised;Mown pasture_cattle_unfertilised;Meadow_unfertilised;Meadow_unfertilised;Meadow_unfertilised;n/a;Mown pasture_cattle_unfertilised;Mown pasture_cattle_unfertilised;no information available in 2011 because of restructering of the establishment
SCH;SEG06;Mown pasture_peat soil_unfertilised;Mown pasture_cattle_unfertilised;Meadow_unfertilised;Mown pasture_cattle_unfertilised;Pasture_cattle_unfertilised;Pasture_cattle_unfertilised;Pasture_cattle_unfertilised;Pasture_cattle_unfertilised;Mown pasture_cattle_unfertilised;
SCH;SEG07;Pasture_peat soil_unfertilised;Pasture_cattle_unfertilised;Pasture_cattle_unfertilised;Pasture_cattle_unfertilised;Pasture_cattle_unfertilised;Pasture_cattle_unfertilised;Pasture_cattle_unfertilised;Pasture_cattle_unfertilised;Pasture_cattle_unfertilised;
SCH;SEG08;Pasture_peat soil_unfertilised;Pasture_cattle_unfertilised;Pasture_cattle_unfertilised;Meadow_unfertilised;Meadow_unfertilised;Meadow_unfertilised;n/a;Meadow_cattle_fertilised;Mown pasture_cattle_unfertilised;no information available in 2011 because of restructering of the establishment
SCH;SEG09;Pasture_peat soil_unfertilised;Pasture_cattle_unfertilised;Pasture_cattle_unfertilised;Mown pasture_cattle_unfertilised;Pasture_cattle_unfertilised;Pasture_cattle_unfertilised;Pasture_cattle_unfertilised;Pasture_cattle_unfertilised;Mown pasture_cattle_unfertilised;
SCH;SEG10;Meadow_peat soil_fertilised;Meadow_fertilised;Mown pasture_cattle_fertilised;Mown pasture_cattle_fertilised;Mown pasture_cattle_fertilised;Meadow_fertilised;Meadow_fertilised;Mown pasture_cattle_fertilised;Mown pasture_cattle_fertilised;
SCH;SEG11;Meadow_peat soil_fertilised;Meadow_fertilised;Mown pasture_cattle_fertilised;Mown pasture_cattle_fertilised;Mown pasture_cattle_fertilised;Meadow_fertilised;Meadow_fertilised;Mown pasture_cattle_fertilised;Mown pasture_cattle_fertilised;
SCH;SEG12;Meadow_peat soil_fertilised;Meadow_fertilised;Meadow_fertilised;Meadow_fertilised;Meadow_fertilised;Meadow_fertilised;Meadow_fertilised;Meadow_fertilised;Meadow_fertilised;
SCH;SEG13;Mown pasture_mineral soil_fertilised;Meadow_fertilised;Meadow_fertilised;Mown pasture_cattle_unfertilised;Meadow_unfertilised;Meadow_fertilised;Meadow_cattle_unfertilised;Meadow_unfertilised;Mown pasture_fertilised;
SCH;SEG14;Pasture_peat soil_unfertilised;Pasture_cattle_unfertilised;Pasture_cattle_unfertilised;Meadow_unfertilised;Mown pasture_cattle_unfertilised;Pasture_cattle_unfertilised;Pasture_cattle_unfertilised;Mown pasture_cattle_unfertilised;Mown pasture_cattle_unfertilised;
SCH;SEG15;Mown pasture_peat soil_unfertilised;Mown pasture_cattle_unfertilised;Mown pasture_cattle_unfertilised;Meadow_unfertilised;Meadow_unfertilised;Meadow_unfertilised;n/a;Mown pasture_cattle_unfertilised;Mown pasture_cattle_unfertilised;no information available in 2011 because of restructering of the establishment
SCH;SEG16;Mown pasture_peat soil_unfertilised;Mown pasture_cattle_unfertilised;Mown pasture_cattle_unfertilised;Meadow_unfertilised;Meadow_unfertilised;Meadow_unfertilised;n/a;Mown pasture_cattle_unfertilised;Mown pasture_cattle_unfertilised;no information available in 2011 because of restructering of the establishment
SCH;SEG17;Mown pasture_peat soil_unfertilised;Mown pasture_cattle_unfertilised;Meadow_unfertilised;Mown pasture_cattle_unfertilised;Pasture_cattle_unfertilised;Pasture_cattle_unfertilised;Mown pasture_cattle_unfertilised;Mown pasture_cattle_unfertilised;Mown pasture_cattle_unfertilised;
SCH;SEG18;Meadow_mineral soil_unfertilised;Meadow_unfertilised;Meadow_unfertilised;Meadow_unfertilised;Meadow_unfertilised;Meadow_unfertilised;Meadow_unfertilised;Meadow_unfertilised;Meadow_unfertilised;
SCH;SEG19;Pasture_peat soil_unfertilised;Pasture_cattle_unfertilised;Pasture_cattle_unfertilised;Meadow_unfertilised;Pasture_cattle_unfertilised;Mown pasture_cattle_unfertilised;n/a;Mown pasture_cattle_horse_unfertilised;Mown pasture_cattle_horse_unfertilised;no information available in 2011 because of restructering of the establishment
SCH;SEG20;Pasture_peat soil_unfertilised;Pasture_cattle_unfertilised;Pasture_cattle_unfertilised;Pasture_cattle_unfertilised;Mown pasture_cattle_unfertilised;Mown pasture_cattle_unfertilised;Pasture_cattle_unfertilised;Pasture_cattle_unfertilised;Mown pasture_cattle_unfertilised;
SCH;SEG21;Pasture_peat soil_unfertilised;Pasture_cattle_unfertilised;Pasture_cattle_unfertilised;Pasture_cattle_unfertilised;Pasture_cattle_unfertilised;Pasture_cattle_unfertilised;Pasture_cattle_unfertilised;Pasture_cattle_unfertilised;Pasture_cattle_unfertilised;
SCH;SEG22;Pasture_peat soil_unfertilised;Pasture_cattle_unfertilised;Pasture_cattle_unfertilised;Pasture_cattle_unfertilised;Pasture_cattle_unfertilised;Pasture_cattle_unfertilised;Pasture_cattle_unfertilised;Pasture_cattle_unfertilised;Pasture_cattle_unfertilised;
SCH;SEG23;Meadow_peat soil_unfertilised;Meadow_unfertilised;Meadow_unfertilised;Meadow_unfertilised;Meadow_fertilised;Meadow_fertilised;n/a;Meadow_fertilised;Meadow_fertilised;no information available in 2011 because of restructering of the establishment
SCH;SEG24;Meadow_peat soil_unfertilised;Meadow_unfertilised;Meadow_unfertilised;Meadow_unfertilised;Meadow_unfertilised;Meadow_unfertilised;Meadow_unfertilised;Meadow_unfertilised;Meadow_unfertilised;
SCH;SEG25;Meadow_peat soil_unfertilised;Meadow_unfertilised;Meadow_unfertilised;Meadow_unfertilised;Meadow_unfertilised;Meadow_unfertilised;Meadow_unfertilised;Meadow_unfertilised;Meadow_unfertilised;
SCH;SEG26;Meadow_peat soil_unfertilised;Meadow_unfertilised;Meadow_unfertilised;Meadow_unfertilised;Meadow_fertilised;Meadow_fertilised;n/a;Meadow_fertilised;Meadow_fertilised;no information available in 2011 because of restructering of the establishment
SCH;SEG27;Meadow_peat soil_unfertilised;Meadow_unfertilised;Meadow_unfertilised;Meadow_unfertilised;Meadow_unfertilised;Meadow_unfertilised;Meadow_unfertilised;Meadow_unfertilised;Meadow_unfertilised;
SCH;SEG28;Meadow_peat soil_unfertilised;Meadow_unfertilised;Meadow_unfertilised;Meadow_unfertilised;Meadow_unfertilised;Meadow_unfertilised;Meadow_unfertilised;Meadow_unfertilised;Meadow_unfertilised;
SCH;SEG29;Meadow_peat soil_unfertilised;Meadow_unfertilised;no landuse, too wet conditions;Meadow_unfertilised;Meadow_unfertilised;Meadow_unfertilised;Meadow_unfertilised;Meadow_unfertilised;Meadow_unfertilised;
SCH;SEG30;Meadow_mineral soil_unfertilised;Meadow_unfertilised;Meadow_unfertilised;Meadow_unfertilised;Meadow_unfertilised;Meadow_unfertilised;Meadow_unfertilised;Meadow_unfertilised;Meadow_unfertilised;
SCH;SEG31;Meadow_mineral soil_unfertilised;Meadow_unfertilised;Meadow_unfertilised;Meadow_unfertilised;Meadow_unfertilised;Meadow_unfertilised;Meadow_unfertilised;Meadow_unfertilised;Meadow_unfertilised;
SCH;SEG32;Meadow_mineral soil_unfertilised;Meadow_unfertilised;Meadow_unfertilised;Meadow_unfertilised;Meadow_unfertilised;Meadow_unfertilised;Meadow_unfertilised;Meadow_unfertilised;Meadow_unfertilised;
SCH;SEG33;Mown pasture_mineral soil_fertilised;Mown pasture_cattle_fertilised;Mown pasture_cattle_fertilised;Pasture_cattle_unfertilised;Mown pasture_cattle_unfertilised;Pasture_cattle_fertilised;Pasture_cattle_fertilised;Pasture_cattle_fertilised;Mown pasture_cattle_fertilised;
SCH;SEG34;Mown pasture_mineral soil_fertilised;Mown pasture_cattle_fertilised;Mown pasture_cattle_fertilised;Mown pasture_cattle_fertilised;Mown pasture_cattle_unfertilised;Pasture_cattle_fertilised;Pasture_cattle_fertilised;Pasture_cattle_fertilised;Mown pasture_cattle_fertilised;
SCH;SEG35;Mown pasture_mineral soil_fertilised;Mown pasture_cattle_fertilised;Mown pasture_cattle_fertilised;Mown pasture_cattle_fertilised;Mown pasture_cattle_unfertilised;Mown pasture_cattle_fertilised;Pasture_cattle_fertilised;Pasture_cattle_fertilised;Mown pasture_cattle_fertilised;
SCH;SEG36;Pasture_mineral soil_unfertilised;Pasture_cattle_unfertilised;Pasture_cattle_unfertilised;Pasture_cattle_unfertilised;Pasture_cattle_unfertilised;Pasture_cattle_fertilised;Pasture_cattle_unfertilised;Pasture_cattle_fertilised;Pasture_cattle_fertilised;
SCH;SEG37;Pasture_mineral soil_unfertilised;Pasture_cattle_unfertilised;Pasture_cattle_unfertilised;Pasture_cattle_unfertilised;Pasture_cattle_unfertilised;Mown pasture_cattle_unfertilised;Pasture_cattle_unfertilised;Pasture_cattle_unfertilised;Pasture_cattle_unfertilised;
SCH;SEG38;Pasture_mineral soil_unfertilised;Mown pasture_cattle_unfertilised;Mown pasture_cattle_unfertilised;Pasture_cattle_unfertilised;Mown pasture_cattle_unfertilised;Mown pasture_cattle_unfertilised;Mown pasture_cattle_unfertilised;Mown pasture_cattle_unfertilised;Mown pasture_cattle_unfertilised;
SCH;SEG39;Mown pasture_mineral soil_fertilised;Pasture_cattle_unfertilised;Meadow_fertilised;Meadow_unfertilised;Mown pasture_cattle_unfertilised;Mown pasture_cattle_fertilised;Mown pasture_cattle_unfertilised;Pasture_cattle_unfertilised;Mown pasture_cattle_fertilised;
SCH;SEG40;Pasture_mineral soil_fertilised;Pasture_cattle_fertilised;Pasture_cattle_fertilised;Pasture_cattle_fertilised;Pasture_cattle_cattle_unfertilised;Pasture_cattle_unfertilised;Pasture_cattle_unfertilised;Pasture_cattle_unfertilised;Pasture_cattle_fertilised;
SCH;SEG41;Pasture_mineral soil_fertilised;Pasture_cattle_fertilised;Pasture_cattle_fertilised;Pasture_cattle_fertilised;Meadow_unfertilised;Pasture_cattle_unfertilised;Pasture_cattle_unfertilised;Pasture_cattle_unfertilised;Mown pasture_cattle_fertilised;
SCH;SEG42;Pasture_mineral soil_unfertilised;Pasture_cattle_unfertilised;Pasture_cattle_unfertilised;Pasture_cattle_fertilised;Pasture_cattle_unfertilised;Pasture_cattle_unfertilised;Pasture_cattle_unfertilised;Pasture_cattle_fertilised;Pasture_cattle_fertilised;
SCH;SEG43;Pasture_mineral soil_unfertilised;Pasture_cattle_unfertilised;Pasture_cattle_unfertilised;Pasture_cattle_unfertilised;Pasture_cattle_fertilised;Pasture_cattle_unfertilised;Pasture_cattle_unfertilised;Pasture_cattle_unfertilised;Pasture_cattle_fertilised;
SCH;SEG44;Pasture_mineral soil_fertilised;Pasture_cattle_unfertilised;Pasture_cattle_unfertilised;Pasture_cattle_unfertilised;Pasture_cattle_unfertilised;Pasture_cattle_unfertilised;Pasture_cattle_unfertilised;Pasture_cattle_unfertilised;Pasture_cattle_fertilised;
SCH;SEG45;Pasture_mineral soil_fertilised;Pasture_cattle_unfertilised;Pasture_cattle_unfertilised;Pasture_cattle_unfertilised;Pasture_cattle_unfertilised;Pasture_cattle_unfertilised;Pasture_cattle_unfertilised;Pasture_cattle_unfertilised;Pasture_cattle_fertilised;
SCH;SEG46;Pasture_mineral soil_unfertilised;Pasture_cattle_unfertilised;Pasture_cattle_unfertilised;Pasture_cattle_unfertilised;Pasture_cattle_unfertilised;Pasture_cattle_unfertilised;Pasture_cattle_unfertilised;Pasture_cattle_unfertilised;Pasture_cattle_unfertilised;
SCH;SEG47;Pasture_mineral soil_unfertilised;Pasture_cattle_unfertilised;Pasture_cattle_unfertilised;Pasture_cattle_unfertilised;Pasture_cattle_unfertilised;Mown pasture_cattle_fertilised;Pasture_cattle_unfertilised;Pasture_cattle_unfertilised;Pasture_cattle_unfertilised;
SCH;SEG48;Pasture_mineral soil_unfertilised;Pasture_cattle_unfertilised;Pasture_cattle_unfertilised;Mown pasture_cattle_unfertilised;Pasture_cattle_unfertilised;Pasture_cattle_unfertilised;Pasture_cattle_unfertilised;Pasture_cattle_unfertilised;Mown pasture_cattle_unfertilised;
SCH;SEG49;Pasture_mineral soil_unfertilised;Pasture_cattle_unfertilised;Pasture_cattle_unfertilised;Pasture_cattle_unfertilised;Pasture_cattle_unfertilised;Pasture_cattle_unfertilised;Pasture_cattle_unfertilised;Pasture_cattle_fertilised;Pasture_cattle_fertilised;
SCH;SEG50;Pasture_mineral soil_unfertilised;Pasture_cattle_unfertilised;Pasture_cattle_unfertilised;Pasture_cattle_unfertilised;Pasture_cattle_unfertilised;Pasture_cattle_unfertilised;Pasture_cattle_unfertilised;Pasture_cattle_unfertilised;Pasture_cattle_unfertilised;
